Name|Price|Score|Votes|Address
Los Andes|2|9.3|187|903 Chalkstone Ave
Pastiche Fine Desserts & Café|2|9.3|219|92 Spruce St
The Shop|1|9.3|39|460 Wickenden St
The Eddy|2|9.3|112|95 Eddy St
Flatbread Company|2|9.3|83|161 E Cushing St
Julians|2|9.2|267|318 Broadway
Dave's Coffee|1|9.2|41|341 S Main St
East Side Pockets|2|9.2|160|278 Thayer St
LaSalle Bakery|1|9.2|70|993 Smith St
North|2|9.1|88|3 Luongo Sq
White Electric Coffee|1|9.1|111|711 Westminster St
Seven Stars Bakery|2|9.0|126|342 Broadway
The RISD Museum of Art|N/A|9.0|166|224 Benefit St
Nick's on Broadway|2|9.0|137|500 Broadway
Seven Stars Bakery|2|9.0|154|820 Hope St
Providence Performing Arts Center|N/A|9.0|178|220 Weybosset St
Cook & Brown Public House|2|8.9|49|959 Hope St
Al Forno|3|8.9|112|577 S Main St
Olneyville New York System Restaurant|1|8.9|78|20 Plainfield St
New Rivers American Bistro|2|8.9|44|7 Steeple St
Apsara Asian Restaurant|2|8.9|54|716 Public St
Harry's Bar & Burger|2|8.9|206|121 N Main St
Haruki East|2|8.9|50|172 Wayland Ave
Bob and Timmy's Grilled Pizzas|1|8.9|66|32 Spruce St
Tea in Sahara|1|8.8|32|69 Governor St
Hemenway's Seafood Grille & Oyster Bar|3|8.8|155|121 S Main St
Providence Oyster Bar|3|8.8|55|283 Atwells Ave
Trinity Repertory Company|N/A|8.8|60|201 Washington St
The Avery|2|8.8|83|18 Luongo Memorial Square
WaterFire Providence - Waterplace Park|N/A|8.8|172|10 Finance Way
Graduate Center Bar|1|8.8|67|42 Charlesfield St
Costantino's Venda Ravioli|N/A|8.8|89|275 Atwells Ave
Birch|3|8.7|52|200 Washington St
Nice Slice Pizzeria|1|8.7|80|267 Thayer St
Tony's Colonial Food|N/A|8.7|26|311 Atwells Ave
Roger Williams Park Zoo|N/A|8.7|238|1000 Elmwood Ave
Dunkin Donuts Center|1|8.7|340|1 La Salle Sq
Kitchen|1|8.7|74|94 Carpenter St
Loie Fuller's|3|8.7|48|1455 Westminster St
Providence Coal Fired Pizza|2|8.7|124|385 Westminster St
Nikki's Liquors - Craft Beer, Fine Wine and Spirits|N/A|8.7|36|32 Branch Ave
The Duck & Bunny|2|8.7|213|312 Wickenden St
LaSalle Bakery|1|8.6|50|685 Admiral St
Justine's|3|8.6|42|11 Onyville sq.
Cable Car Cinema and Cafe|N/A|8.6|70|204 S Main St
Alley Cat|2|8.6|51|17 Snow St
The Grange|2|8.6|181|166 Broadway
Camille's|2|8.6|40|71 Bradford St
Thai Star|2|8.6|21|1088 Chalkstone Ave
Whole Foods Market|N/A|8.6|175|601 N Main St
The Dorrance|N/A|8.6|91|60 Dorrance St
Benefit Juice Bar & Café|N/A|8.6|29|404 Benefit At
Small Point Cafe|N/A|8.6|107|230 Westminster St
WaterFire Providence Memorial Park|N/A|8.6|50|College Street
Gracie's|N/A|8.6|58|194 Washington St
Bocado Tapas Wine Bar|N/A|8.5|14|N/A
Geoff's Superlative Sandwiches|N/A|8.5|99|163 Benefit St
Hudson Street Delicatessen|N/A|8.5|32|68 Hudson St
Waterman Grille|N/A|8.5|48|4 Richmond Sq
El Rancho Grande|N/A|8.5|66|311 Plainfield St
Byblos Hookah Lounge|N/A|8.5|50|235 Meeting St
The Coffee Exchange|N/A|8.5|195|207 Wickenden St
Mr. Lemon|N/A|8.5|36|32 Hawkins St
Red Fez|N/A|8.5|98|49 Peck St
Sakura|N/A|8.5|71|231 Wickenden St
The Big Blue Bug (Nibbles Woodaway)|N/A|8.5|29|103-151 Public St
Bottles Fine Wine|N/A|8.5|53|141 Pitman St
The Melting Pot|N/A|8.5|44|199 Providence Pl
Seaplane Diner|N/A|8.5|27|307 Allens Ave
Avon Cinema|N/A|8.4|41|260 Thayer St
Creperie|N/A|8.4|51|82 Fones Aly
DENDEN Café Asiana|N/A|8.4|82|161 Benefit St
India Point Park|N/A|8.4|41|India St.
What Cheer Tavern|N/A|8.4|38|228 New York Ave
The Capital Grille|N/A|8.4|17|10 Memorial Blvd Ste 101
Antonio's Pizza|N/A|8.4|100|258 Thayer St
L'Artisan Cafe and Bakery|N/A|8.4|50|9 Wayland Sq
Bacaro|N/A|8.4|27|262 S Water St
Apsara Palace|N/A|8.4|103|783 Hope St
Rosalina|N/A|8.4|25|50 Aborn St
Local 121|N/A|8.4|132|121 Washington St
Faust|N/A|8.4|56|121 Fountain Street
Bolt Coffee Company|N/A|8.4|56|122 Fountain St
AS220|N/A|8.4|77|115 Empire St
The Dean|N/A|8.4|48|122 Fountain St
Blackstone Boulevard|N/A|8.3|28|N/A
Cafe Choklad|N/A|8.3|38|2 Thomas St
Lili Marlene's|N/A|8.3|39|422 Atwells Ave
Ogie's Trailer Park|N/A|8.3|50|1155 Westminster St
Prospect Terrace Park|N/A|8.3|46|60 Congdon St
Chez Pascal|N/A|8.3|22|960 Hope St
Godiva Chocolatier|N/A|8.3|12|110 Providence Pl
Columbus Theatre|N/A|8.2|22|270 Broadway
Ken's Ramen|N/A|8.2|63|69 Washington St
Newbury Comics|N/A|8.2|33|74 Providence Pl
Ellie's Bakery|N/A|8.2|78|61 Washington St
Frog & Toad|N/A|8.2|17|795 Hope St
Trinity Brewhouse|N/A|8.2|261|186 Fountain St
Jacky's Waterplace & Sushi Bar|N/A|8.2|54|200 Exchange St
Luxe Burger Bar|N/A|8.2|181|5 Memorial Blvd
The Cheesecake Factory|2|8.2|233|94 Providence Pl
Froyo World|1|8.2|41|219 Thayer St
Cafe Nuovo|4|8.2|23|1 Citizens Plz
Mike's Calzones & Deli|2|8.2|23|PO Box
148 Pavillion|2|8.1|16|148 Pavilion Ave
Ebar|1|8.1|20|6 Providence Pl
Providence Children's Museum|N/A|8.1|52|100 South St
The Pizza Gourmet|1|8.1|16|357 Hope St
Baja Tex Mex|2|8.1|61|273 Thayer St
Bank of America Skating Center|N/A|8.1|12|2 Kennedy Plz
English Cellar Alehouse|2|8.1|69|165 Angell St
Four Seasons Restaurant|2|8.1|31|Reservoir Avenue
Providence Perfume Co.|N/A|8.1|10|301 Wickenden St
Tallulah's Taqueria|1|8.1|40|146 Ives St
Blue State Coffee|2|8.1|119|300 Thayer St
Oasis Grill & Market|N/A|8.1|10|220 Broad St
Bravo Brasserie Restaurant|4|8.1|58|123 Empire St
LEGO Store|N/A|8.1|8|N/A
North Bakery|1|8.1|27|70 Battey St
East Side YMCA|N/A|8.1|16|438 Hope St
UMelt|1|8.1|29|129 Weybosset St
The Classic Cafe|1|8.1|77|865 Westminster St
The Salted Slate|3|8.0|20|186 Wayland Ave
Nordstrom Providence Place|N/A|8.0|56|6 Providence Pl
Starbucks|1|8.0|23|59 Chestnut St
Omni Providence|N/A|8.0|115|1 W Exchange St
Mt. Fuji Japanese Steakhouse|2|8.0|37|N/A
Fellini Pizzeria|1|8.0|84|166 Wickenden St
Campus Dance|3|8.0|11|Brown University
Sandwich Hut|1|8.0|27|1253 N Main St
Don Jose Tequilas|2|8.0|31|351 Atwells Ave
EGO|3|8.0|35|71 Richmond St
Clean Plate|2|8.0|14|345 S Water St
Walgreens|N/A|8.0|9|354 Admiral St
The Butcher Shop|1|8.0|12|Elmgrove Ave.
Sephora|N/A|8.0|13|168 Providence Pl
Roger Williams Park|N/A|8.0|31|N/A
Red Stripe|2|8.0|112|465 Angell St
Starbucks|1|8.0|59|11 Dorrance St
Milk Money|3|8.0|12|566 South Water St
Livi's Pockets|2|8.0|10|65 Weybosett Street
XO Cafe|2|7.9|42|125 N Main St
Rhode Island School of Design|N/A|7.9|45|2 College St
Pane e Vino Ristorante|4|7.9|40|365 Atwells Ave
Nelson Fitness Center At Brown University|N/A|7.9|32|235 Hope St
Bagel Gourmet|1|7.9|37|250 Brook St
Fleming's Prime Steakhouse & Wine Bar|3|7.9|47|1 W Exchange St
Olga's Cup + Saucer|2|7.9|82|103 Point St
La La Luxe Salon|N/A|7.9|14|139 Elmgrove Ave
The Dark Lady|2|7.9|58|17 Snow St
Vanuatu Coffee Roasters|1|7.9|12|N/A
Hope St. Farmers Market|N/A|7.9|16|Lippitt Park Hope St. and Blackstone Boulevard
The Spa @ The Providence Biltmore|N/A|7.9|13|Washington St
Elmhurst Pub|2|7.9|14|670 Smith St
Andino's Italian Restaurant|3|7.9|51|171 Atwells Ave
Nick-A-Nees|2|7.9|24|75 South St
New Harvest Coffee & Spirits|1|7.9|50|130 Westminster St
Dave & Buster's|2|7.9|253|40 Providence Pl
Haven Brothers Diner|1|7.9|46|12 Fulton St
Whole Foods Market|N/A|7.9|62|261 Waterman St
.:Therapy|3|7.9|15|62 Dike St
Ebisu|2|7.8|45|38 Pontiac Ave
Three Sisters|1|7.8|72|1074 Hope St
Botanical Gardens at Roger Williams Park|N/A|7.8|13|1000 Elmwood Ave
The Village|2|7.8|19|373 Richmond St
Caserta Pizzeria|1|7.8|58|121 Spruce St
Kartabar|2|7.8|55|284 Thayer St
West Side Diner|1|7.8|27|1380 Westminster St
Blackstone Park|N/A|7.8|12|N/A
Pizza J|1|7.8|11|N/A
Circe Restaurant & Bar|4|7.8|40|50 Weybosset St
Bagel Gourmet Olé|1|7.8|37|286 Thayer St
Broadway Bistro|2|7.8|29|205 Broadway
Spirito's Restaurant|3|7.8|16|477 Broadway
Nami|2|7.8|8|Atwells Ave
Spectrum India|N/A|7.8|9|252 Thayer St
Providence Place Mall|N/A|7.8|663|1 Providence Pl
Pinkberry|2|7.8|34|128 Providence Place, Level 3
Showcase Providence Place & IMAX|N/A|7.8|265|10 Providence Pl
Pasha Hookah Bar|1|7.8|11|840 Allens Ave
Original New York System|1|7.8|16|424 Smith St
Pho Paradise|2|7.8|16|337 Broad St
Spike's Junkyard Dogs|1|7.8|44|485 Branch Ave
Figidini|2|7.8|40|67 Washington St
Nara Hookah Lounge|2|7.8|44|248 Atwells Ave
Dolce Gelateria|1|7.8|9|270 Wickenden St
Walgreens|N/A|7.8|13|295 Academy Ave
Lim's Thai & Sushi Restaurant|2|7.8|36|18 S Angell St
Boiler House Bikram Yoga|N/A|7.7|10|166 Valley St, BHC #201
The Hot Club|1|7.7|131|575 S Water St
Providence Power Yoga|N/A|7.7|8|51 Bassett St
Federal Taphouse & Kitchen|2|7.7|22|279 Atwells Ave
Ivy Tavern|2|7.7|37|758 Hope St
Kabob and Curry|2|7.7|90|261 Thayer St
Pot au Feu|3|7.7|12|44 Custom House St
Foo(d) at AS220|2|7.7|30|115 Empire St
Mexico Garibaldi|2|7.7|11|948 Atwells Ave
Mill's Tavern Restaurant|4|7.7|56|101 N Main St
Cilantro Mexican Grill|1|7.7|13|127 Weybosset St
IHOP|2|7.7|90|45 Pleasant Valley Pkwy
Providence Bruins|N/A|7.7|35|N/A
Roots Cafe|N/A|7.7|13|276 Westminster St
Victoria's Secret|N/A|7.7|18|100 Francis St
Lush|N/A|7.7|18|Providence Place
Brown University Bookstore|N/A|7.7|77|244 Thayer St
Blast! Fitness|N/A|7.7|15|333 Adelaide Ave
Amy's Place|1|7.7|30|214 Wickenden St
Rockstar Body Piercing|N/A|7.7|14|267 Thayer St
Boston Sports Club|N/A|7.6|29|131 Pitman St
Poco Loco Tacos|1|7.6|16|1718 Westminster St
Gregg's Restaurant|2|7.6|67|1303 N Main St
Eastside Marketplace|N/A|7.6|83|165 Pitman St
Chilangos Tacqueria & Tequila Bar|2|7.6|30|447 Manton Ave
Yoo Sushi|2|7.6|11|412 Douglas Ave
Opa Hookah Lounge|2|7.6|19|Atwells Ave.
Mijos Tacos|1|7.6|11|N/A
India|2|7.6|62|1060 Hope St
The Point Tavern|2|7.6|29|302 Wickenden St
Pizzico Ristorante|3|7.6|17|762 Hope St
Blaze|2|7.6|18|776 Hope St
Providence City Hall|N/A|7.6|11|25 Dorrance St
Culinary Archives & Museum|N/A|7.6|17|315 Harborside Blvd
Rick's Roadhouse|2|7.6|71|370 Richmond St
Simon's 681|N/A|7.6|18|677 Valley St
The Malted Barley|2|7.6|10|334 Westminster St
Scialo's Brothers Bakery|1|7.6|14|257 Atwells Ave
DePasquale Square|N/A|7.6|13|N/A
Loui's Restaurant|1|7.5|39|286 Brook St
Betty's|1|8.2|21|1076 Charles st.
Jacky's Galaxie|2|8.3|9|1488 Mineral Spring Ave
iLoveKickboxing.com - North Providence|N/A|8.2|14|1385 Mineral Spring Ave
Pauly Penta's Italian Deli|1|8.1|15|1290 Mineral Spring Ave
Jackie's Galaxy|2|8.1|18|1449 Mineral Spring Ave
Ricotti's|1|7.9|12|1360 Mineral Spring Ave
Mr. Nick's|1|7.8|8|1401 Douglas Ave
Cilantro Mexican Grill|1|7.7|15|1658 Mineral Spring Ave
