Review Date|Review Score
April 9, 2016|4
April 4, 2016|5
March 26, 2016|5
March 20, 2016|5
March 20, 2016|3
March 17, 2016|5
March 16, 2016|5
March 13, 2016|2
March 13, 2016|3
March 7, 2016|5
March 2, 2016|5
February 19, 2016|5
February 17, 2016|5
February 12, 2016|5
February 8, 2016|5
February 8, 2016|5
February 7, 2016|3
January 26, 2016|5
January 20, 2016|2
January 20, 2016|4
January 13, 2016|5
January 9, 2016|2
January 7, 2016|3
January 5, 2016|5
January 5, 2016|3
January 2, 2016|3
December 19, 2015|5
December 18, 2015|4
December 15, 2015|5
December 13, 2015|5
December 6, 2015|2
December 6, 2015|5
December 6, 2015|1
December 4, 2015|5
November 26, 2015|4
November 18, 2015|4
November 17, 2015|5
November 11, 2015|4
November 10, 2015|5
November 8, 2015|4
November 3, 2015|5
October 27, 2015|5
October 23, 2015|4
October 21, 2015|5
October 19, 2015|5
October 16, 2015|4
October 3, 2015|4
October 3, 2015|5
October 2, 2015|5
September 24, 2015|1
September 21, 2015|5
September 18, 2015|3
September 17, 2015|3
September 13, 2015|5
September 12, 2015|5
August 27, 2015|5
August 26, 2015|3
August 22, 2015|1
August 6, 2015|5
July 31, 2015|5
July 29, 2015|3
July 28, 2015|4
July 26, 2015|4
July 24, 2015|5
July 23, 2015|5
July 19, 2015|5
July 9, 2015|5
July 8, 2015|5
July 8, 2015|5
June 30, 2015|4
June 30, 2015|5
June 30, 2015|5
June 29, 2015|2
June 28, 2015|2
June 27, 2015|5
June 27, 2015|4
June 26, 2015|1
June 25, 2015|4
June 19, 2015|5
June 13, 2015|5
June 5, 2015|5
June 5, 2015|5
May 29, 2015|3
May 19, 2015|5
May 16, 2015|3
May 14, 2015|2
May 11, 2015|5
May 11, 2015|4
May 2, 2015|4
April 29, 2015|4
April 26, 2015|5
April 25, 2015|4
April 21, 2015|4
April 19, 2015|4
March 27, 2015|5
February 18, 2015|5
January 21, 2015|5
December 30, 2014|5
December 30, 2014|5
December 29, 2014|5
December 21, 2014|5
December 21, 2014|5
December 20, 2014|1
December 18, 2014|5
December 14, 2014|5
December 7, 2014|5
December 6, 2014|4
December 4, 2014|5
December 2, 2014|5
November 16, 2014|2
November 16, 2014|2
November 15, 2014|4
October 8, 2014|5
October 8, 2014|5
October 6, 2014|5
October 3, 2014|5
October 1, 2014|5
September 29, 2014|5
September 23, 2014|1
September 20, 2014|5
September 13, 2014|3
September 7, 2014|4
September 6, 2014|5
September 4, 2014|5
September 2, 2014|5
August 31, 2014|5
August 23, 2014|5
August 16, 2014|3
August 6, 2014|5
July 30, 2014|5
July 24, 2014|4
July 18, 2014|4
July 15, 2014|4
July 6, 2014|5
June 21, 2014|3
June 19, 2014|5
June 17, 2014|4
June 17, 2014|5
June 15, 2014|4
June 5, 2014|5
May 28, 2014|5
May 28, 2014|5
May 26, 2014|1
May 26, 2014|5
May 24, 2014|5
May 21, 2014|5
May 20, 2014|2
April 29, 2014|3
April 16, 2014|4
April 15, 2014|5
April 15, 2014|3
March 30, 2014|3
March 27, 2014|4
March 25, 2014|5
March 22, 2014|2
March 5, 2014|5
March 4, 2014|5
March 4, 2014|5
March 4, 2014|3
February 19, 2014|4
February 9, 2014|5
January 29, 2014|4
January 7, 2014|4
January 4, 2014|4
December 29, 2013|3
December 24, 2013|4
December 14, 2013|4
December 6, 2013|5
December 6, 2013|5
November 11, 2013|5
October 31, 2013|5
October 18, 2013|5
October 10, 2013|4
September 23, 2013|5
September 22, 2013|5
September 4, 2013|4
September 3, 2013|5
September 3, 2013|5
August 31, 2013|5
August 30, 2013|4
August 15, 2013|4
August 2, 2013|5
August 1, 2013|5
July 28, 2013|5
July 21, 2013|5
June 30, 2013|5
June 15, 2013|5
June 13, 2013|4
May 18, 2013|5
May 8, 2013|5
May 4, 2013|5
April 19, 2013|5
April 19, 2013|4
April 19, 2013|5
March 25, 2013|4
March 16, 2013|3
March 14, 2013|5
March 10, 2013|2
February 20, 2013|5
February 4, 2013|4
February 2, 2013|5
January 19, 2013|5
January 17, 2013|5
January 15, 2013|5
January 7, 2013|5
January 6, 2013|4
December 16, 2012|5
December 11, 2012|2
December 11, 2012|4
December 8, 2012|4
November 26, 2012|4
November 26, 2012|4
November 13, 2012|2
November 5, 2012|5
October 30, 2012|4
October 23, 2012|5
October 22, 2012|5
October 17, 2012|5
October 16, 2012|5
October 8, 2012|4
October 7, 2012|5
October 3, 2012|5
September 28, 2012|5
September 27, 2012|5
September 3, 2012|5
September 1, 2012|1
September 1, 2012|5
August 29, 2012|4
August 26, 2012|4
August 26, 2012|5
August 23, 2012|4
August 23, 2012|4
August 15, 2012|5
August 14, 2012|5
August 7, 2012|4
August 1, 2012|5
July 26, 2012|1
July 24, 2012|4
July 23, 2012|5
July 23, 2012|4
July 23, 2012|1
July 22, 2012|5
July 17, 2012|5
July 16, 2012|5
July 14, 2012|4
July 13, 2012|5
July 12, 2012|4
June 28, 2012|5
June 19, 2012|5
June 19, 2012|4
June 16, 2012|5
June 11, 2012|4
May 31, 2012|4
May 27, 2012|5
May 20, 2012|5
May 8, 2012|5
May 6, 2012|5
May 6, 2012|5
May 3, 2012|5
April 27, 2012|4
April 25, 2012|3
April 25, 2012|3
April 21, 2012|5
April 3, 2012|5
March 28, 2012|4
March 27, 2012|5
March 20, 2012|2
March 15, 2012|5
March 14, 2012|5
February 26, 2012|5
February 21, 2012|5
February 20, 2012|3
February 20, 2012|5
February 19, 2012|5
January 21, 2012|5
January 13, 2012|5
January 12, 2012|2
January 9, 2012|5
December 31, 2011|5
December 30, 2011|5
December 27, 2011|5
December 6, 2011|5
December 1, 2011|5
November 27, 2011|4
November 19, 2011|3
November 16, 2011|2
November 14, 2011|5
October 31, 2011|4
October 31, 2011|5
October 28, 2011|5
October 21, 2011|5
October 13, 2011|5
October 2, 2011|4
September 29, 2011|4
September 20, 2011|5
September 11, 2011|3
August 23, 2011|4
August 6, 2011|5
May 18, 2011|5
March 13, 2011|4
February 1, 2011|5
January 20, 2011|3
December 31, 2010|5
August 29, 2010|5
August 15, 2010|5
July 26, 2010|5
June 14, 2010|5
May 19, 2010|1
May 3, 2010|5
April 25, 2010|3
March 4, 2010|3
February 21, 2010|4
February 19, 2010|5
December 29, 2009|4
December 1, 2009|3
November 21, 2009|4
October 16, 2009|2
October 7, 2009|5
August 13, 2009|2
August 11, 2009|5
July 28, 2009|5
July 22, 2009|5
July 20, 2009|3
June 16, 2009|5
June 9, 2009|5
June 6, 2009|1
June 6, 2009|1
March 5, 2009|2
January 3, 2009|2
December 30, 2008|5
November 2, 2008|2
October 13, 2008|4
August 15, 2008|2
July 21, 2008|3
July 6, 2008|1
June 26, 2008|4
June 13, 2008|5
June 9, 2008|5
June 6, 2008|5
February 6, 2008|5
January 26, 2008|2
January 25, 2008|3
December 29, 2007|5
December 16, 2007|5
July 31, 2007|2
July 25, 2007|3
June 27, 2007|1
June 13, 2007|1
June 12, 2007|4
May 27, 2007|1
February 8, 2007|5
December 26, 2006|1
April 24, 2006|5
January 19, 2006|5
October 20, 2005|4
June 16, 2005|5
November 13, 2004|5
October 26, 2004|5
