Review Date|Review Score
February 19, 2016|4
January 9, 2016|5
January 4, 2016|4
January 2, 2016|4
November 3, 2015|5
September 13, 2015|3
September 11, 2015|1
August 17, 2015|5
August 13, 2015|5
July 18, 2015|5
July 12, 2015|5
July 8, 2015|5
July 8, 2015|5
May 13, 2015|5
April 11, 2015|5
March 18, 2015|5
November 2, 2014|4
August 19, 2014|5
August 3, 2014|4
August 1, 2014|5
April 30, 2014|5
November 11, 2013|5
April 26, 2013|5
December 13, 2012|4
November 25, 2012|4
September 20, 2012|4
September 9, 2012|5
August 7, 2012|5
