Review Date|Review Score
December 30, 2015|4
November 13, 2015|4
September 23, 2015|5
September 17, 2015|4
April 8, 2015|5
March 19, 2015|5
March 9, 2015|4
November 3, 2014|5
September 18, 2014|5
August 21, 2014|5
August 13, 2014|4
July 24, 2014|5
June 30, 2014|4
May 18, 2014|2
April 6, 2014|5
November 20, 2013|3
June 24, 2013|5
April 25, 2013|2
April 10, 2013|5
March 7, 2013|4
February 25, 2013|3
January 27, 2013|3
January 15, 2013|4
November 30, 2012|4
October 20, 2012|4
September 8, 2012|4
July 1, 2012|4
