Review Date|Review Score
February 24, 2016|4
February 20, 2016|1
December 27, 2015|5
December 26, 2015|1
December 19, 2015|3
November 27, 2015|1
November 26, 2015|4
November 24, 2015|5
November 19, 2015|4
November 18, 2015|4
November 17, 2015|5
October 3, 2015|4
September 30, 2015|5
August 31, 2015|4
August 16, 2015|4
August 12, 2015|5
July 21, 2015|4
July 19, 2015|3
July 17, 2015|5
July 14, 2015|4
July 6, 2015|1
June 19, 2015|4
June 8, 2015|4
June 5, 2015|4
May 27, 2015|2
April 27, 2015|1
April 24, 2015|5
March 26, 2015|4
March 18, 2015|4
March 10, 2015|5
March 2, 2015|5
February 12, 2015|5
February 3, 2015|4
January 17, 2015|4
January 14, 2015|5
December 22, 2014|5
December 12, 2014|3
November 19, 2014|5
November 18, 2014|4
November 13, 2014|5
November 6, 2014|5
November 6, 2014|5
November 4, 2014|4
November 2, 2014|2
November 1, 2014|5
October 13, 2014|4
October 10, 2014|5
September 29, 2014|5
September 29, 2014|4
September 29, 2014|4
September 13, 2014|4
September 2, 2014|3
August 31, 2014|5
August 21, 2014|3
July 31, 2014|3
July 28, 2014|4
July 24, 2014|4
July 23, 2014|4
July 17, 2014|4
July 16, 2014|5
July 10, 2014|5
July 7, 2014|5
June 16, 2014|5
June 16, 2014|3
June 9, 2014|4
June 7, 2014|3
June 2, 2014|3
May 20, 2014|4
May 4, 2014|3
April 19, 2014|1
April 18, 2014|5
April 4, 2014|2
March 27, 2014|4
March 8, 2014|1
March 4, 2014|1
February 19, 2014|4
January 11, 2014|3
January 8, 2014|1
January 6, 2014|3
January 6, 2014|5
January 1, 2014|5
December 29, 2013|2
December 7, 2013|2
December 7, 2013|3
November 30, 2013|1
November 20, 2013|5
October 29, 2013|5
October 28, 2013|1
October 26, 2013|3
October 21, 2013|4
October 9, 2013|4
October 8, 2013|4
September 6, 2013|1
September 5, 2013|1
August 28, 2013|3
July 28, 2013|4
June 24, 2013|4
June 16, 2013|1
June 16, 2013|3
June 9, 2013|5
June 4, 2013|5
May 9, 2013|5
April 22, 2013|2
March 8, 2013|4
February 13, 2013|5
February 10, 2013|5
February 6, 2013|2
January 11, 2013|5
January 6, 2013|3
October 30, 2012|5
October 18, 2012|3
October 17, 2012|2
October 14, 2012|1
September 19, 2012|5
September 14, 2012|5
July 27, 2012|2
July 24, 2012|5
July 23, 2012|1
July 10, 2012|5
July 2, 2012|3
June 11, 2012|4
June 2, 2012|2
May 28, 2012|5
May 26, 2012|5
March 30, 2012|5
March 2, 2012|1
March 1, 2012|4
February 20, 2012|5
February 9, 2012|3
February 9, 2012|4
February 5, 2012|3
January 30, 2012|5
January 19, 2012|5
January 17, 2012|1
November 16, 2011|5
November 6, 2011|2
November 3, 2011|4
October 30, 2011|4
September 29, 2011|3
September 13, 2011|4
September 1, 2011|5
August 23, 2011|4
August 21, 2011|2
August 3, 2011|5
August 1, 2011|5
August 1, 2011|5
July 18, 2011|1
June 16, 2011|3
June 13, 2011|5
June 5, 2011|3
January 15, 2011|1
January 1, 2011|5
December 31, 2010|5
November 30, 2010|4
October 23, 2010|5
August 15, 2010|5
June 6, 2010|5
June 4, 2010|5
May 31, 2010|1
May 30, 2010|2
May 21, 2010|1
February 23, 2010|5
February 10, 2010|5
February 9, 2010|2
February 1, 2010|5
December 7, 2009|5
November 12, 2009|5
July 30, 2009|4
July 9, 2009|1
June 26, 2009|4
June 25, 2009|1
May 19, 2009|3
March 17, 2009|5
March 13, 2009|4
December 19, 2008|5
December 14, 2008|5
December 10, 2008|4
December 9, 2008|5
December 2, 2008|1
August 12, 2008|5
August 11, 2008|5
August 2, 2008|5
July 27, 2008|5
July 20, 2008|3
July 10, 2008|5
July 10, 2008|5
May 2, 2006|5
April 20, 2006|5
February 23, 2006|5
January 13, 2006|1
