Review Date|Review Score
April 12, 2016|4
April 11, 2016|5
April 3, 2016|5
April 3, 2016|5
March 10, 2016|5
March 6, 2016|5
March 6, 2016|5
January 31, 2016|4
December 12, 2015|4
December 8, 2015|5
December 4, 2015|5
December 3, 2015|5
November 29, 2015|5
November 23, 2015|3
November 23, 2015|4
November 16, 2015|4
November 11, 2015|5
October 14, 2015|5
October 13, 2015|5
October 6, 2015|4
September 27, 2015|3
September 19, 2015|5
August 15, 2015|4
July 31, 2015|5
July 1, 2015|5
June 29, 2015|3
June 19, 2015|5
June 3, 2015|5
June 3, 2015|4
April 27, 2015|5
April 7, 2015|5
March 17, 2015|5
March 17, 2015|5
January 31, 2015|5
December 20, 2014|3
December 1, 2014|5
November 29, 2014|5
November 27, 2014|4
November 10, 2014|5
November 9, 2014|3
October 31, 2014|3
October 11, 2014|5
October 9, 2014|5
October 7, 2014|5
October 5, 2014|5
October 2, 2014|5
September 29, 2014|5
September 17, 2014|5
August 31, 2014|5
August 15, 2014|4
August 2, 2014|5
July 16, 2014|5
July 10, 2014|5
June 16, 2014|5
June 16, 2014|5
May 8, 2014|4
December 17, 2013|4
November 19, 2013|5
October 13, 2013|5
September 21, 2013|5
September 13, 2013|5
September 9, 2013|5
September 2, 2013|5
August 29, 2013|5
