Review Date|Review Score
April 5, 2016|3
February 7, 2016|4
January 15, 2016|5
January 14, 2016|4
November 8, 2015|5
September 29, 2015|5
September 28, 2015|5
September 24, 2015|2
July 29, 2015|3
July 18, 2015|5
July 10, 2015|4
July 7, 2015|4
June 13, 2015|5
June 8, 2015|4
May 11, 2015|4
March 22, 2015|4
March 9, 2015|4
January 21, 2015|4
January 1, 2015|4
November 13, 2014|4
October 26, 2014|5
October 15, 2014|5
September 9, 2014|5
April 22, 2014|5
April 17, 2014|5
April 10, 2014|3
March 13, 2014|4
January 19, 2014|3
December 16, 2013|4
November 23, 2013|2
November 11, 2013|4
November 10, 2013|3
September 24, 2013|5
September 4, 2013|5
August 31, 2013|5
August 7, 2013|5
August 5, 2013|5
July 29, 2013|5
July 12, 2013|5
June 10, 2013|5
May 7, 2013|5
April 3, 2013|5
March 16, 2013|5
December 28, 2012|5
November 28, 2012|5
November 5, 2012|4
October 22, 2012|4
August 27, 2012|4
June 29, 2012|5
April 30, 2012|4
March 1, 2012|4
February 19, 2012|4
January 28, 2012|3
January 27, 2012|5
November 1, 2011|5
October 30, 2011|3
August 5, 2011|5
June 20, 2011|4
July 27, 2009|2
June 16, 2009|4
May 19, 2009|5
May 1, 2009|5
January 1, 2009|3
October 14, 2008|2
August 9, 2008|1
July 21, 2008|3
July 16, 2008|3
June 9, 2008|3
December 18, 2007|4
July 25, 2007|4
July 13, 2007|5
August 27, 2006|1
