Review Date|Review Score
April 17, 2016|5
April 2, 2016|4
March 25, 2016|5
March 23, 2016|5
March 19, 2016|5
March 16, 2016|5
March 15, 2016|5
5 weeks ago|4
March 9, 2016|5
March 2, 2016|5
February 7, 2016|5
February 2, 2016|5
January 29, 2016|5
January 28, 2016|5
January 13, 2016|5
January 7, 2016|4
December 17, 2015|5
December 10, 2015|5
December 9, 2015|4
December 8, 2015|5
December 6, 2015|5
November 19, 2015|5
November 15, 2015|4
November 10, 2015|5
November 8, 2015|4
October 29, 2015|5
October 26, 2015|5
October 26, 2015|5
October 15, 2015|5
October 11, 2015|5
October 4, 2015|5
September 29, 2015|4
September 17, 2015|5
September 14, 2015|5
September 13, 2015|4
September 5, 2015|3
September 1, 2015|4
August 31, 2015|5
August 29, 2015|5
August 27, 2015|5
August 22, 2015|5
August 15, 2015|2
August 14, 2015|4
August 11, 2015|5
August 5, 2015|5
August 4, 2015|5
August 4, 2015|5
August 1, 2015|5
July 31, 2015|5
July 31, 2015|5
July 21, 2015|1
July 8, 2015|5
July 8, 2015|5
July 7, 2015|5
July 3, 2015|5
July 1, 2015|5
July 1, 2015|5
June 30, 2015|5
June 30, 2015|5
June 29, 2015|5
June 29, 2015|5
June 27, 2015|5
June 24, 2015|5
June 15, 2015|5
June 15, 2015|5
June 13, 2015|5
June 9, 2015|4
June 5, 2015|4
June 4, 2015|5
June 3, 2015|5
May 29, 2015|5
May 19, 2015|4
April 30, 2015|5
April 26, 2015|5
April 25, 2015|4
April 24, 2015|3
April 14, 2015|5
April 10, 2015|5
April 4, 2015|5
April 2, 2015|1
March 22, 2015|5
March 19, 2015|5
March 18, 2015|5
March 18, 2015|5
March 17, 2015|5
March 14, 2015|5
February 6, 2015|5
February 4, 2015|5
February 2, 2015|4
January 22, 2015|4
January 21, 2015|5
December 30, 2014|4
December 25, 2014|5
December 9, 2014|5
December 8, 2014|5
November 30, 2014|5
November 22, 2014|5
November 16, 2014|5
November 3, 2014|4
October 6, 2014|4
October 1, 2014|5
September 29, 2014|5
September 29, 2014|4
September 29, 2014|5
September 29, 2014|3
September 28, 2014|5
September 27, 2014|4
September 19, 2014|5
September 18, 2014|5
September 14, 2014|5
September 14, 2014|5
September 12, 2014|4
September 5, 2014|5
September 3, 2014|3
August 28, 2014|3
August 25, 2014|4
August 18, 2014|5
August 16, 2014|5
August 15, 2014|5
August 9, 2014|5
August 9, 2014|5
August 4, 2014|5
August 3, 2014|5
August 3, 2014|5
July 30, 2014|4
July 30, 2014|5
July 27, 2014|5
July 27, 2014|4
July 26, 2014|5
July 25, 2014|3
July 23, 2014|4
July 22, 2014|5
July 16, 2014|5
July 16, 2014|3
July 15, 2014|5
July 10, 2014|4
July 8, 2014|5
July 3, 2014|5
June 19, 2014|5
June 19, 2014|5
June 2, 2014|5
June 1, 2014|5
May 4, 2014|5
April 26, 2014|4
March 18, 2014|5
March 4, 2014|4
March 4, 2014|5
March 4, 2014|4
February 26, 2014|5
February 15, 2014|4
February 13, 2014|5
February 11, 2014|4
February 8, 2014|5
January 31, 2014|5
January 29, 2014|5
January 14, 2014|5
January 9, 2014|4
January 6, 2014|5
December 31, 2013|5
December 29, 2013|5
December 29, 2013|5
December 29, 2013|5
December 18, 2013|5
December 9, 2013|5
November 12, 2013|4
November 6, 2013|5
October 18, 2013|5
October 15, 2013|5
October 11, 2013|4
October 9, 2013|4
October 9, 2013|5
October 7, 2013|4
September 30, 2013|5
September 27, 2013|5
September 15, 2013|4
September 8, 2013|5
September 6, 2013|5
September 2, 2013|5
August 28, 2013|5
August 12, 2013|5
August 4, 2013|5
July 27, 2013|5
July 18, 2013|5
July 17, 2013|5
July 16, 2013|5
July 5, 2013|5
June 30, 2013|5
June 24, 2013|5
June 16, 2013|5
June 8, 2013|4
June 8, 2013|5
June 2, 2013|5
May 19, 2013|5
May 17, 2013|4
May 7, 2013|5
April 28, 2013|4
April 25, 2013|5
April 24, 2013|4
April 13, 2013|5
April 12, 2013|5
April 8, 2013|5
April 1, 2013|3
March 31, 2013|5
March 25, 2013|5
March 14, 2013|4
March 11, 2013|4
March 9, 2013|5
February 20, 2013|5
February 17, 2013|5
February 7, 2013|5
January 24, 2013|5
January 20, 2013|3
January 15, 2013|5
January 11, 2013|5
January 6, 2013|4
January 3, 2013|5
December 11, 2012|5
December 9, 2012|5
November 27, 2012|5
November 13, 2012|5
October 29, 2012|5
October 2, 2012|5
September 20, 2012|3
September 12, 2012|5
September 10, 2012|4
August 26, 2012|4
August 18, 2012|5
August 9, 2012|5
July 25, 2012|5
July 9, 2012|5
June 15, 2012|5
June 11, 2012|5
June 1, 2012|5
May 15, 2012|5
May 14, 2012|5
April 29, 2012|4
April 25, 2012|3
April 23, 2012|5
April 19, 2012|5
March 28, 2012|5
March 27, 2012|5
March 26, 2012|4
March 22, 2012|4
March 21, 2012|4
March 6, 2012|4
March 4, 2012|5
February 24, 2012|5
February 18, 2012|4
February 8, 2012|5
February 3, 2012|5
January 30, 2012|5
January 16, 2012|5
December 10, 2011|1
November 18, 2011|4
October 31, 2011|5
September 20, 2011|5
September 11, 2011|5
September 7, 2011|4
August 1, 2011|5
July 30, 2011|5
July 17, 2011|4
July 2, 2011|5
June 26, 2011|4
June 14, 2011|4
December 18, 2010|2
October 27, 2010|5
October 15, 2010|5
September 27, 2010|3
June 18, 2010|3
May 19, 2010|2
April 5, 2010|3
January 3, 2010|5
November 30, 2009|2
October 19, 2009|5
August 12, 2009|3
June 14, 2009|1
September 14, 2008|4
August 22, 2008|4
August 11, 2008|5
February 1, 2008|3
January 29, 2008|3
January 3, 2008|5
December 31, 2007|5
December 18, 2007|4
December 17, 2007|5
December 4, 2007|4
October 23, 2005|3
