Review Date|Review Score
March 25, 2016|4
March 25, 2016|4
March 7, 2016|4
March 6, 2016|5
February 29, 2016|5
February 29, 2016|5
February 20, 2016|5
February 8, 2016|5
February 7, 2016|5
February 1, 2016|4
January 7, 2016|2
December 29, 2015|4
December 10, 2015|5
November 25, 2015|4
October 28, 2015|4
September 18, 2015|4
September 8, 2015|4
September 1, 2015|4
August 30, 2015|5
August 29, 2015|4
August 19, 2015|5
August 3, 2015|5
July 14, 2015|4
July 6, 2015|5
July 5, 2015|3
June 13, 2015|4
June 11, 2015|4
June 5, 2015|5
May 20, 2015|5
May 13, 2015|5
April 27, 2015|1
April 25, 2015|4
April 24, 2015|4
April 11, 2015|5
March 20, 2015|1
March 18, 2015|3
March 17, 2015|4
February 27, 2015|2
February 11, 2015|3
November 3, 2014|3
November 3, 2014|4
October 29, 2014|3
October 28, 2014|4
October 15, 2014|4
October 8, 2014|5
September 11, 2014|5
September 5, 2014|5
September 4, 2014|5
August 27, 2014|3
August 25, 2014|5
August 25, 2014|4
August 3, 2014|4
August 1, 2014|3
July 26, 2014|2
July 16, 2014|4
July 10, 2014|4
May 19, 2014|3
May 3, 2014|1
March 5, 2014|5
February 28, 2014|4
January 19, 2014|1
December 30, 2013|4
December 30, 2013|2
December 5, 2013|5
November 10, 2013|4
November 3, 2013|4
September 30, 2013|5
September 16, 2013|5
September 10, 2013|4
August 29, 2013|5
August 10, 2013|4
June 19, 2013|4
June 17, 2013|4
June 7, 2013|3
June 1, 2013|4
April 15, 2013|5
April 14, 2013|5
April 7, 2013|5
April 2, 2013|3
March 6, 2013|5
February 24, 2013|3
February 17, 2013|2
January 24, 2013|3
January 21, 2013|1
January 19, 2013|2
January 6, 2013|1
November 9, 2012|3
October 29, 2012|5
September 15, 2012|5
September 4, 2012|5
September 1, 2012|5
August 27, 2012|3
August 13, 2012|3
August 12, 2012|4
August 5, 2012|2
August 5, 2012|5
July 23, 2012|5
July 19, 2012|3
July 9, 2012|3
July 6, 2012|3
June 27, 2012|4
June 22, 2012|3
June 11, 2012|4
May 17, 2012|4
May 14, 2012|2
April 30, 2012|5
April 23, 2012|5
March 16, 2012|5
March 2, 2012|4
February 25, 2012|4
February 24, 2012|3
February 18, 2012|3
February 9, 2012|4
January 10, 2012|4
January 4, 2012|3
December 5, 2011|2
November 30, 2011|4
November 29, 2011|5
September 9, 2011|3
August 8, 2011|5
August 1, 2011|4
July 28, 2011|4
July 18, 2011|5
June 9, 2011|4
May 29, 2011|1
June 13, 2010|1
February 1, 2010|5
September 8, 2009|1
February 17, 2009|5
February 8, 2009|4
November 28, 2008|1
October 26, 2008|4
September 25, 2008|2
September 4, 2008|4
August 6, 2008|3
July 21, 2008|4
June 26, 2008|3
February 16, 2008|4
February 14, 2008|3
January 29, 2008|5
December 18, 2007|5
November 11, 2007|5
October 21, 2007|5
