Review Date|Review Score
April 8, 2016|5
April 3, 2016|5
March 28, 2016|3
March 28, 2016|3
March 27, 2016|2
March 22, 2016|5
March 20, 2016|5
March 20, 2016|5
March 19, 2016|5
March 9, 2016|4
March 2, 2016|5
February 28, 2016|5
February 28, 2016|5
February 22, 2016|4
February 22, 2016|5
February 20, 2016|3
February 15, 2016|5
February 14, 2016|5
February 8, 2016|5
January 29, 2016|5
January 23, 2016|4
January 23, 2016|5
January 23, 2016|5
January 22, 2016|5
January 20, 2016|5
January 19, 2016|4
January 16, 2016|3
January 16, 2016|1
January 14, 2016|5
January 11, 2016|2
January 10, 2016|5
January 9, 2016|5
January 5, 2016|5
January 1, 2016|5
December 27, 2015|5
December 20, 2015|5
December 13, 2015|4
December 12, 2015|5
December 10, 2015|5
November 23, 2015|5
November 15, 2015|4
November 11, 2015|5
November 5, 2015|5
November 1, 2015|4
October 29, 2015|4
October 27, 2015|5
October 18, 2015|5
October 18, 2015|5
October 9, 2015|5
October 5, 2015|4
October 3, 2015|5
September 28, 2015|5
September 27, 2015|4
September 26, 2015|1
September 21, 2015|5
September 17, 2015|5
September 15, 2015|5
September 13, 2015|5
September 9, 2015|5
September 8, 2015|5
September 5, 2015|5
September 1, 2015|5
August 29, 2015|4
August 21, 2015|5
August 19, 2015|4
August 12, 2015|1
August 11, 2015|3
August 11, 2015|5
July 31, 2015|5
July 29, 2015|5
July 28, 2015|5
July 24, 2015|3
July 23, 2015|5
July 20, 2015|3
July 19, 2015|5
July 19, 2015|4
July 18, 2015|5
July 17, 2015|5
July 13, 2015|5
July 11, 2015|4
July 7, 2015|5
July 6, 2015|5
July 4, 2015|5
June 30, 2015|5
June 28, 2015|4
June 17, 2015|5
June 17, 2015|4
June 13, 2015|5
June 6, 2015|5
June 4, 2015|4
June 3, 2015|4
June 3, 2015|5
May 17, 2015|5
May 15, 2015|5
May 10, 2015|5
May 3, 2015|5
April 29, 2015|5
April 19, 2015|5
April 19, 2015|5
April 14, 2015|4
April 8, 2015|5
March 19, 2015|5
March 18, 2015|4
March 17, 2015|5
March 17, 2015|4
March 17, 2015|4
March 10, 2015|4
March 7, 2015|5
March 4, 2015|5
February 18, 2015|4
February 9, 2015|5
January 31, 2015|5
January 29, 2015|5
January 21, 2015|4
January 20, 2015|5
January 10, 2015|5
January 4, 2015|4
December 12, 2014|4
December 9, 2014|5
December 3, 2014|4
December 2, 2014|5
December 2, 2014|5
November 11, 2014|4
November 11, 2014|5
November 10, 2014|4
November 9, 2014|4
November 7, 2014|5
October 28, 2014|4
October 22, 2014|5
October 21, 2014|4
October 18, 2014|5
October 7, 2014|5
October 7, 2014|5
October 3, 2014|5
September 29, 2014|5
September 29, 2014|2
September 24, 2014|5
September 19, 2014|5
September 16, 2014|5
September 13, 2014|5
September 12, 2014|4
August 22, 2014|5
August 19, 2014|5
August 18, 2014|5
August 1, 2014|5
July 23, 2014|5
July 18, 2014|5
July 17, 2014|5
July 15, 2014|5
July 13, 2014|5
July 12, 2014|4
July 10, 2014|4
July 1, 2014|4
June 25, 2014|5
June 17, 2014|4
June 9, 2014|5
June 8, 2014|5
June 7, 2014|4
May 17, 2014|5
May 12, 2014|5
April 2, 2014|5
April 1, 2014|5
March 4, 2014|4
March 4, 2014|3
March 4, 2014|5
February 20, 2014|5
February 9, 2014|5
February 1, 2014|5
January 31, 2014|5
January 21, 2014|5
January 16, 2014|4
January 11, 2014|4
January 3, 2014|4
December 13, 2013|5
November 29, 2013|4
November 12, 2013|5
November 3, 2013|5
October 16, 2013|5
October 7, 2013|5
October 3, 2013|5
September 25, 2013|2
September 18, 2013|5
September 3, 2013|5
August 29, 2013|4
August 27, 2013|4
August 26, 2013|5
August 17, 2013|5
August 12, 2013|5
August 3, 2013|5
July 27, 2013|2
July 25, 2013|5
July 25, 2013|4
July 23, 2013|4
July 23, 2013|5
July 20, 2013|5
July 17, 2013|5
July 16, 2013|5
July 14, 2013|5
July 6, 2013|5
June 16, 2013|5
May 30, 2013|5
May 21, 2013|4
April 27, 2013|5
April 21, 2013|4
April 17, 2013|5
April 14, 2013|5
April 10, 2013|5
April 4, 2013|5
March 29, 2013|5
March 26, 2013|5
March 25, 2013|5
March 24, 2013|2
March 6, 2013|5
March 5, 2013|4
March 2, 2013|2
February 23, 2013|5
February 21, 2013|4
January 30, 2013|5
January 24, 2013|2
January 21, 2013|5
January 17, 2013|4
January 11, 2013|5
December 9, 2012|3
November 20, 2012|5
November 15, 2012|1
November 3, 2012|4
October 22, 2012|1
October 13, 2012|4
October 4, 2012|2
October 3, 2012|5
October 2, 2012|2
September 18, 2012|2
September 7, 2012|3
September 4, 2012|5
August 27, 2012|5
August 14, 2012|5
July 30, 2012|4
July 25, 2012|5
July 21, 2012|5
July 19, 2012|5
July 19, 2012|5
July 13, 2012|5
June 27, 2012|4
June 21, 2012|4
June 19, 2012|3
June 11, 2012|5
May 30, 2012|2
May 18, 2012|3
April 27, 2012|5
April 25, 2012|3
April 23, 2012|5
April 22, 2012|5
April 10, 2012|5
April 7, 2012|5
April 6, 2012|5
April 3, 2012|5
March 28, 2012|5
March 9, 2012|5
March 4, 2012|3
March 1, 2012|4
February 29, 2012|5
February 28, 2012|5
February 26, 2012|5
February 21, 2012|2
February 19, 2012|5
February 16, 2012|4
February 3, 2012|5
January 30, 2012|5
January 25, 2012|5
January 25, 2012|5
January 20, 2012|5
January 4, 2012|4
January 3, 2012|5
December 5, 2011|4
December 1, 2011|4
November 12, 2011|4
October 31, 2011|5
October 31, 2011|2
October 18, 2011|5
October 14, 2011|5
September 29, 2011|5
September 23, 2011|5
September 12, 2011|5
September 8, 2011|5
August 19, 2011|5
August 5, 2011|5
July 28, 2011|2
June 13, 2011|4
April 3, 2011|3
March 27, 2011|5
February 20, 2011|3
October 24, 2010|4
September 15, 2010|4
September 8, 2010|5
August 11, 2010|5
August 9, 2010|5
July 26, 2010|5
April 29, 2010|5
February 9, 2010|5
October 22, 2009|5
June 9, 2009|5
October 25, 2008|5
October 2, 2008|5
June 17, 2008|4
May 4, 2008|4
January 24, 2008|2
December 26, 2007|4
December 5, 2007|4
November 17, 2007|3
October 27, 2007|2
July 25, 2006|1
November 9, 2004|5
