Review Date|Review Score
April 14, 2016|3
April 10, 2016|4
April 8, 2016|5
March 28, 2016|5
3 weeks ago|5
March 13, 2016|5
March 7, 2016|5
March 7, 2016|5
February 29, 2016|5
February 24, 2016|5
February 8, 2016|3
February 6, 2016|5
January 20, 2016|4
January 6, 2016|5
December 15, 2015|5
December 10, 2015|5
December 9, 2015|5
December 7, 2015|5
December 1, 2015|5
November 28, 2015|4
November 22, 2015|5
November 13, 2015|5
November 11, 2015|5
November 8, 2015|5
November 1, 2015|5
October 26, 2015|5
October 26, 2015|5
September 22, 2015|5
September 13, 2015|5
August 30, 2015|5
August 22, 2015|5
August 18, 2015|5
August 3, 2015|5
August 3, 2015|5
August 1, 2015|4
July 22, 2015|5
July 20, 2015|4
July 6, 2015|5
July 5, 2015|4
June 30, 2015|5
June 29, 2015|5
June 15, 2015|5
June 9, 2015|5
June 2, 2015|5
May 30, 2015|5
May 22, 2015|4
May 19, 2015|3
May 16, 2015|2
May 14, 2015|3
May 8, 2015|5
April 21, 2015|5
April 10, 2015|3
March 27, 2015|5
March 25, 2015|4
March 9, 2015|2
March 6, 2015|5
February 1, 2015|5
January 27, 2015|4
January 26, 2015|5
January 18, 2015|5
December 16, 2014|4
December 2, 2014|4
November 9, 2014|4
November 5, 2014|5
November 3, 2014|4
November 3, 2014|5
October 28, 2014|5
October 26, 2014|3
October 19, 2014|5
October 2, 2014|5
September 29, 2014|5
September 21, 2014|5
September 1, 2014|5
August 8, 2014|4
August 7, 2014|5
August 5, 2014|5
August 3, 2014|5
July 27, 2014|5
July 27, 2014|4
July 26, 2014|4
June 26, 2014|4
June 7, 2014|5
June 5, 2014|5
June 3, 2014|4
May 21, 2014|5
May 17, 2014|5
May 13, 2014|3
May 13, 2014|4
May 10, 2014|5
May 9, 2014|5
May 3, 2014|5
April 29, 2014|4
April 13, 2014|5
March 30, 2014|5
February 19, 2014|4
February 11, 2014|5
January 30, 2014|5
January 19, 2014|4
January 2, 2014|2
December 31, 2013|4
December 12, 2013|5
December 9, 2013|5
December 6, 2013|4
October 18, 2013|4
September 29, 2013|4
September 22, 2013|5
September 11, 2013|5
September 7, 2013|5
August 28, 2013|5
August 28, 2013|4
August 25, 2013|4
August 24, 2013|5
July 25, 2013|5
July 18, 2013|5
July 14, 2013|2
June 28, 2013|4
June 27, 2013|2
June 18, 2013|5
June 10, 2013|5
May 27, 2013|4
May 13, 2013|4
May 10, 2013|4
May 2, 2013|5
April 25, 2013|5
April 17, 2013|4
April 16, 2013|5
April 11, 2013|5
April 10, 2013|5
April 4, 2013|5
March 28, 2013|3
March 22, 2013|3
March 12, 2013|5
March 5, 2013|3
March 3, 2013|5
February 4, 2013|5
January 26, 2013|4
January 24, 2013|4
January 24, 2013|5
January 23, 2013|5
January 21, 2013|5
January 17, 2013|5
December 31, 2012|4
December 26, 2012|4
December 14, 2012|5
December 11, 2012|5
November 25, 2012|3
November 25, 2012|4
November 21, 2012|4
November 14, 2012|5
October 25, 2012|5
October 20, 2012|5
October 19, 2012|4
October 17, 2012|5
October 7, 2012|5
October 7, 2012|5
October 7, 2012|5
October 6, 2012|5
September 28, 2012|5
September 13, 2012|3
September 11, 2012|4
September 5, 2012|4
August 24, 2012|4
August 20, 2012|4
August 20, 2012|4
July 25, 2012|5
July 11, 2012|3
July 8, 2012|1
June 19, 2012|5
June 15, 2012|3
June 11, 2012|4
June 5, 2012|5
April 4, 2012|3
March 12, 2012|1
March 1, 2012|5
February 25, 2012|3
February 20, 2012|4
February 19, 2012|4
February 1, 2012|2
February 1, 2012|3
January 30, 2012|5
January 14, 2012|5
November 22, 2011|4
November 19, 2011|5
November 4, 2011|5
September 2, 2011|5
July 22, 2011|5
April 9, 2011|5
April 4, 2011|5
February 23, 2011|4
February 14, 2011|2
February 12, 2011|3
January 23, 2011|5
December 24, 2010|5
November 8, 2010|2
September 26, 2010|5
September 10, 2010|5
August 3, 2010|1
December 13, 2009|1
August 17, 2009|3
August 5, 2009|3
July 14, 2009|5
June 26, 2009|5
April 2, 2009|5
February 14, 2009|2
January 2, 2009|4
December 13, 2008|5
November 25, 2008|5
November 18, 2008|5
October 25, 2008|4
April 10, 2008|4
December 20, 2007|5
December 18, 2007|3
November 19, 2007|4
July 28, 2007|5
June 27, 2007|4
July 10, 2006|2
