Review Date|Review Score
April 11, 2016|3
March 25, 2016|4
March 21, 2016|5
March 14, 2016|5
February 20, 2016|4
February 20, 2016|4
February 17, 2016|5
February 16, 2016|4
February 14, 2016|5
February 12, 2016|4
February 10, 2016|5
January 13, 2016|3
January 5, 2016|5
January 3, 2016|3
December 29, 2015|4
December 15, 2015|4
December 9, 2015|4
November 4, 2015|3
October 21, 2015|3
October 14, 2015|5
October 12, 2015|4
October 6, 2015|3
October 3, 2015|4
September 28, 2015|4
September 27, 2015|4
September 24, 2015|3
September 22, 2015|4
September 14, 2015|5
September 9, 2015|3
August 31, 2015|4
August 25, 2015|4
July 29, 2015|4
July 28, 2015|4
July 27, 2015|5
July 24, 2015|3
July 11, 2015|1
July 10, 2015|3
July 9, 2015|2
July 8, 2015|5
July 8, 2015|5
June 14, 2015|5
June 6, 2015|3
May 29, 2015|4
May 18, 2015|4
May 8, 2015|4
April 27, 2015|5
April 15, 2015|3
March 17, 2015|4
March 10, 2015|3
March 9, 2015|3
March 5, 2015|4
February 12, 2015|4
February 5, 2015|4
February 5, 2015|1
January 20, 2015|4
January 6, 2015|5
December 13, 2014|4
December 9, 2014|4
December 5, 2014|1
December 4, 2014|3
September 28, 2014|2
August 11, 2014|3
July 29, 2014|5
July 24, 2014|3
July 23, 2014|3
July 21, 2014|4
July 7, 2014|4
June 23, 2014|3
June 18, 2014|5
June 7, 2014|4
May 10, 2014|4
April 29, 2014|4
March 26, 2014|3
March 9, 2014|5
March 4, 2014|5
February 18, 2014|3
February 14, 2014|4
February 11, 2014|5
December 23, 2013|3
December 19, 2013|2
November 23, 2013|4
November 11, 2013|1
September 24, 2013|3
July 22, 2013|2
May 10, 2013|2
April 9, 2013|4
March 25, 2013|1
February 12, 2013|1
January 21, 2013|3
November 19, 2012|5
October 16, 2012|5
October 9, 2012|5
September 18, 2012|5
September 4, 2012|4
August 15, 2012|5
August 7, 2012|3
July 26, 2012|4
July 15, 2012|5
July 9, 2012|4
June 22, 2012|1
June 17, 2012|3
April 22, 2012|5
April 8, 2012|3
February 20, 2012|4
September 1, 2011|5
