Review Date|Review Score
March 26, 2016|4
March 6, 2016|4
March 2, 2016|4
March 2, 2016|4
February 28, 2016|4
February 26, 2016|5
February 14, 2016|5
February 14, 2016|5
February 12, 2016|2
January 29, 2016|5
January 29, 2016|5
January 13, 2016|4
January 9, 2016|4
December 21, 2015|4
December 4, 2015|5
November 19, 2015|5
November 18, 2015|5
November 15, 2015|4
November 12, 2015|4
November 11, 2015|3
November 9, 2015|4
October 21, 2015|4
October 18, 2015|5
October 18, 2015|4
October 9, 2015|5
October 3, 2015|5
September 26, 2015|5
September 25, 2015|5
September 17, 2015|4
September 3, 2015|4
September 1, 2015|4
August 25, 2015|3
August 25, 2015|5
August 23, 2015|5
August 20, 2015|5
August 18, 2015|4
August 13, 2015|5
August 6, 2015|5
August 5, 2015|3
August 2, 2015|5
July 31, 2015|5
July 20, 2015|4
July 11, 2015|4
June 20, 2015|1
June 15, 2015|4
June 9, 2015|5
June 8, 2015|4
June 5, 2015|4
June 5, 2015|5
June 3, 2015|4
May 28, 2015|5
May 22, 2015|4
April 29, 2015|5
April 21, 2015|5
April 13, 2015|2
April 3, 2015|5
March 30, 2015|5
March 25, 2015|4
March 8, 2015|5
March 7, 2015|5
February 19, 2015|5
February 17, 2015|5
February 14, 2015|4
January 23, 2015|5
December 30, 2014|5
November 14, 2014|5
November 4, 2014|3
October 28, 2014|5
October 27, 2014|5
October 18, 2014|3
October 17, 2014|3
October 13, 2014|5
October 7, 2014|1
September 29, 2014|4
September 28, 2014|5
September 16, 2014|4
September 14, 2014|5
August 27, 2014|4
August 26, 2014|5
August 19, 2014|5
August 6, 2014|5
August 4, 2014|5
August 4, 2014|5
July 23, 2014|4
July 14, 2014|4
July 12, 2014|4
June 25, 2014|5
June 14, 2014|5
May 30, 2014|4
May 28, 2014|4
May 2, 2014|5
May 1, 2014|3
April 24, 2014|4
April 8, 2014|4
April 6, 2014|5
March 31, 2014|5
February 16, 2014|5
January 1, 2014|3
November 29, 2013|5
November 25, 2013|4
October 27, 2013|5
October 14, 2013|5
September 29, 2013|5
September 21, 2013|5
September 14, 2013|3
September 11, 2013|4
September 8, 2013|5
August 11, 2013|3
August 10, 2013|5
July 25, 2013|5
July 2, 2013|3
June 26, 2013|4
June 23, 2013|4
June 11, 2013|5
June 7, 2013|5
April 27, 2013|3
January 24, 2013|5
December 28, 2012|5
December 25, 2012|2
