Review Date|Review Score
April 7, 2016|4
February 2, 2016|4
November 14, 2015|4
November 11, 2015|4
October 28, 2015|3
August 1, 2015|1
July 10, 2015|3
July 3, 2015|5
June 29, 2015|5
December 27, 2014|4
December 19, 2014|5
November 17, 2014|3
October 24, 2014|4
September 29, 2014|5
September 27, 2014|5
September 16, 2014|3
June 25, 2014|5
June 18, 2014|4
March 2, 2014|3
February 3, 2014|4
September 16, 2013|5
September 8, 2013|5
September 5, 2013|4
September 5, 2013|5
August 28, 2013|5
March 31, 2013|5
March 1, 2013|4
February 21, 2013|4
February 3, 2013|4
January 16, 2013|3
January 11, 2013|5
December 31, 2012|5
December 29, 2012|4
December 22, 2012|5
October 16, 2012|5
