Review Date|Review Score
February 20, 2016|5
January 30, 2016|5
January 30, 2016|4
December 22, 2015|3
October 24, 2015|5
October 4, 2015|3
September 28, 2015|5
September 20, 2015|4
September 16, 2015|3
August 31, 2015|1
August 30, 2015|1
August 20, 2015|3
August 17, 2015|5
July 29, 2015|5
July 28, 2015|5
July 21, 2015|5
July 19, 2015|2
July 18, 2015|5
July 16, 2015|5
July 9, 2015|1
July 1, 2015|4
June 14, 2015|1
June 3, 2015|5
May 7, 2015|3
April 21, 2015|4
March 14, 2015|4
March 1, 2015|3
January 25, 2015|4
December 21, 2014|5
December 17, 2014|5
December 15, 2014|3
December 13, 2014|1
October 29, 2014|3
October 26, 2014|4
October 24, 2014|4
October 5, 2014|4
September 22, 2014|4
September 21, 2014|5
September 17, 2014|4
August 27, 2014|5
August 24, 2014|3
August 24, 2014|3
August 13, 2014|5
August 12, 2014|2
August 9, 2014|5
August 4, 2014|5
August 1, 2014|5
July 31, 2014|4
July 26, 2014|5
July 15, 2014|5
July 14, 2014|4
July 13, 2014|5
June 30, 2014|5
June 30, 2014|2
June 29, 2014|4
June 29, 2014|5
June 25, 2014|5
June 24, 2014|5
June 17, 2014|5
April 24, 2014|5
January 20, 2014|3
January 7, 2014|4
December 2, 2013|5
November 24, 2013|4
November 11, 2013|3
November 8, 2013|4
October 26, 2013|5
October 19, 2013|3
October 16, 2013|4
October 10, 2013|5
October 9, 2013|3
September 27, 2013|5
September 13, 2013|5
September 7, 2013|2
September 5, 2013|5
September 3, 2013|4
September 2, 2013|5
August 26, 2013|5
August 12, 2013|3
August 11, 2013|2
August 9, 2013|1
August 4, 2013|4
August 3, 2013|3
August 1, 2013|5
July 29, 2013|5
July 19, 2013|5
July 15, 2013|5
July 14, 2013|5
July 12, 2013|5
July 8, 2013|5
July 7, 2013|5
July 6, 2013|5
July 2, 2013|5
June 21, 2013|5
June 2, 2013|5
May 27, 2013|4
May 17, 2013|5
April 21, 2013|5
April 8, 2013|4
February 17, 2013|3
January 27, 2013|3
January 15, 2013|5
November 3, 2012|4
October 20, 2012|4
October 15, 2012|5
October 5, 2012|5
July 31, 2012|5
