Review Date|Review Score
April 11, 2016|4
February 29, 2016|3
February 8, 2016|3
January 31, 2016|3
January 16, 2016|4
January 4, 2016|4
December 18, 2015|4
November 28, 2015|4
November 10, 2015|4
November 3, 2015|4
October 20, 2015|4
October 3, 2015|5
September 7, 2015|5
August 29, 2015|4
August 22, 2015|5
August 22, 2015|4
August 21, 2015|4
August 16, 2015|5
August 13, 2015|5
July 28, 2015|3
July 20, 2015|4
July 20, 2015|5
July 3, 2015|4
June 27, 2015|5
June 20, 2015|3
June 15, 2015|4
May 13, 2015|4
April 26, 2015|3
April 23, 2015|3
April 12, 2015|5
April 8, 2015|4
February 4, 2015|3
January 6, 2015|1
November 22, 2014|4
November 19, 2014|5
November 16, 2014|2
November 5, 2014|4
November 3, 2014|2
September 26, 2014|4
August 29, 2014|2
August 24, 2014|3
August 6, 2014|3
July 14, 2014|5
July 13, 2014|4
July 7, 2014|4
April 25, 2014|5
January 27, 2014|4
January 23, 2014|4
January 15, 2014|5
September 24, 2013|3
September 16, 2013|4
August 16, 2013|5
August 10, 2013|5
July 22, 2013|5
July 13, 2013|5
June 10, 2013|5
June 8, 2013|4
May 3, 2013|5
March 31, 2013|4
March 25, 2013|2
March 25, 2013|4
March 19, 2013|5
March 15, 2013|3
February 21, 2013|4
February 18, 2013|3
February 17, 2013|4
February 5, 2013|4
February 2, 2013|4
January 15, 2013|4
January 15, 2013|5
December 30, 2012|4
November 26, 2012|5
October 11, 2012|4
September 4, 2012|5
August 10, 2012|5
August 6, 2012|5
July 20, 2012|4
July 8, 2012|3
May 23, 2012|3
April 22, 2012|5
March 27, 2012|1
February 29, 2012|4
February 20, 2012|2
February 2, 2012|5
January 6, 2012|5
January 2, 2012|4
October 6, 2011|4
January 15, 2011|5
December 30, 2009|5
December 22, 2009|3
June 9, 2009|1
April 10, 2009|4
February 9, 2009|2
January 25, 2009|3
December 31, 2008|5
October 25, 2008|4
May 22, 2008|5
May 4, 2008|3
April 2, 2008|5
February 1, 2008|4
January 23, 2008|5
December 29, 2007|3
December 21, 2007|4
December 20, 2007|4
December 4, 2007|1
November 29, 2007|3
November 18, 2007|5
