Review Date|Review Score
April 11, 2016|5
March 6, 2016|5
February 23, 2016|5
January 19, 2016|5
December 1, 2015|5
November 12, 2015|4
October 14, 2015|5
October 2, 2015|5
August 31, 2015|1
August 28, 2015|4
August 19, 2015|5
August 17, 2015|1
August 10, 2015|5
July 12, 2015|4
July 9, 2015|5
July 1, 2015|3
June 27, 2015|3
May 22, 2015|3
May 15, 2015|4
April 26, 2015|5
April 4, 2015|5
December 9, 2014|5
September 3, 2014|4
September 1, 2014|4
August 27, 2014|5
August 14, 2014|5
August 8, 2014|5
August 8, 2014|4
August 4, 2014|5
June 17, 2014|4
May 31, 2014|4
May 9, 2014|4
May 8, 2014|4
May 6, 2014|5
April 1, 2014|5
March 22, 2014|5
March 8, 2014|5
March 4, 2014|5
January 30, 2014|5
October 16, 2013|4
October 10, 2013|5
October 5, 2013|3
September 15, 2013|5
August 13, 2013|5
July 29, 2013|5
July 7, 2013|3
June 25, 2013|5
May 13, 2013|5
April 14, 2013|5
March 20, 2013|5
January 3, 2013|4
December 29, 2012|4
October 20, 2012|5
September 17, 2012|5
September 17, 2012|4
September 11, 2012|4
July 31, 2012|5
June 27, 2012|4
February 24, 2012|5
February 6, 2012|5
