Review Date|Review Score
April 3, 2016|2
February 17, 2016|3
February 10, 2016|5
November 10, 2015|5
October 27, 2015|1
September 26, 2015|2
August 30, 2015|3
June 16, 2015|5
May 22, 2015|1
October 10, 2014|4
September 5, 2014|3
June 25, 2014|4
April 1, 2014|4
February 23, 2014|4
February 23, 2014|1
January 18, 2014|4
November 18, 2013|4
October 11, 2013|5
September 29, 2013|5
July 15, 2013|4
June 11, 2013|4
May 12, 2013|4
November 28, 2012|4
November 4, 2012|5
July 9, 2012|4
June 4, 2012|4
June 3, 2012|5
April 20, 2012|5
March 24, 2012|4
October 25, 2011|5
August 13, 2011|3
