Review Date|Review Score
April 9, 2016|4
February 26, 2016|4
December 21, 2015|2
October 24, 2015|5
October 19, 2015|4
October 2, 2015|4
September 26, 2015|4
September 22, 2015|3
September 14, 2015|4
September 13, 2015|2
September 9, 2015|5
September 4, 2015|3
August 18, 2015|4
August 14, 2015|4
August 2, 2015|4
July 19, 2015|5
May 28, 2015|3
May 13, 2015|4
January 6, 2015|2
December 31, 2014|3
November 11, 2014|2
October 5, 2014|4
August 26, 2014|5
August 23, 2014|4
August 15, 2014|4
August 9, 2014|5
July 19, 2014|5
June 19, 2014|4
June 17, 2014|4
January 20, 2014|4
October 15, 2013|4
August 11, 2013|3
June 10, 2013|4
May 20, 2013|5
April 2, 2013|4
March 20, 2013|4
March 16, 2013|4
