Review Date|Review Score
April 7, 2016|4
March 28, 2016|5
March 25, 2016|5
March 7, 2016|5
February 21, 2016|5
February 20, 2016|5
January 14, 2016|2
January 11, 2016|5
January 10, 2016|5
January 10, 2016|5
January 9, 2016|5
January 6, 2016|5
January 4, 2016|4
November 28, 2015|5
November 16, 2015|5
November 4, 2015|4
November 4, 2015|3
November 3, 2015|5
October 31, 2015|5
October 31, 2015|5
October 30, 2015|5
October 28, 2015|3
October 22, 2015|5
October 18, 2015|5
October 11, 2015|5
October 10, 2015|5
October 9, 2015|5
October 9, 2015|5
October 2, 2015|4
September 30, 2015|5
September 30, 2015|5
September 30, 2015|5
September 30, 2015|5
September 28, 2015|4
September 25, 2015|5
August 22, 2015|4
August 12, 2015|4
July 16, 2015|5
July 11, 2015|4
July 3, 2015|5
May 26, 2015|3
May 19, 2015|4
May 17, 2015|4
April 27, 2015|5
April 27, 2015|3
April 24, 2015|5
April 12, 2015|5
April 9, 2015|5
March 26, 2015|5
March 25, 2015|5
March 1, 2015|3
February 21, 2015|5
January 28, 2015|5
January 12, 2015|5
December 5, 2014|4
September 22, 2014|4
September 10, 2014|4
September 3, 2014|5
July 27, 2014|5
July 22, 2014|5
July 21, 2014|5
July 16, 2014|4
June 30, 2014|4
May 28, 2014|5
March 27, 2014|4
March 16, 2014|2
March 5, 2014|4
March 4, 2014|5
November 16, 2013|2
October 26, 2013|5
October 12, 2013|5
October 11, 2013|4
September 25, 2013|5
July 31, 2013|4
