Review Date|Review Score
April 8, 2016|5
April 1, 2016|3
March 6, 2016|5
February 17, 2016|5
January 2, 2016|5
December 5, 2015|5
December 2, 2015|5
November 27, 2015|5
October 14, 2015|5
September 22, 2015|5
September 12, 2015|5
September 9, 2015|4
September 1, 2015|5
August 22, 2015|4
August 10, 2015|4
July 26, 2015|5
July 19, 2015|4
July 5, 2015|4
July 2, 2015|5
June 9, 2015|5
May 1, 2015|5
April 21, 2015|5
April 13, 2015|3
December 19, 2014|4
December 10, 2014|4
December 3, 2014|5
December 1, 2014|5
November 9, 2014|5
September 30, 2014|5
September 22, 2014|5
September 2, 2014|4
August 27, 2014|5
July 2, 2014|3
July 1, 2014|5
June 23, 2014|4
May 17, 2014|4
April 15, 2014|4
March 28, 2014|5
March 23, 2014|5
February 22, 2014|4
February 20, 2014|5
February 18, 2014|5
