Review Date|Review Score
March 24, 2016|3
March 21, 2016|5
March 8, 2016|3
March 1, 2016|5
February 14, 2016|5
February 4, 2016|3
January 21, 2016|5
January 6, 2016|3
January 5, 2016|1
January 4, 2016|5
December 31, 2015|5
November 17, 2015|5
November 13, 2015|4
November 11, 2015|2
November 11, 2015|3
November 11, 2015|5
November 4, 2015|1
November 4, 2015|5
October 31, 2015|5
October 13, 2015|5
September 27, 2015|5
September 18, 2015|5
September 3, 2015|5
August 24, 2015|5
August 13, 2015|4
August 12, 2015|5
August 11, 2015|4
July 27, 2015|5
July 11, 2015|5
July 7, 2015|5
June 29, 2015|4
June 17, 2015|4
June 14, 2015|2
June 10, 2015|5
June 9, 2015|3
May 30, 2015|5
May 20, 2015|5
May 19, 2015|5
May 19, 2015|4
May 13, 2015|4
April 29, 2015|5
April 21, 2015|4
April 15, 2015|5
April 8, 2015|4
April 6, 2015|5
March 20, 2015|4
March 9, 2015|4
March 3, 2015|4
February 27, 2015|4
February 10, 2015|3
February 3, 2015|3
January 14, 2015|4
January 9, 2015|4
January 2, 2015|3
December 31, 2014|1
December 30, 2014|5
December 19, 2014|5
December 13, 2014|1
December 13, 2014|5
December 9, 2014|2
December 4, 2014|5
December 3, 2014|4
November 24, 2014|5
November 24, 2014|5
November 9, 2014|4
November 4, 2014|4
October 28, 2014|5
September 18, 2014|5
September 5, 2014|4
August 27, 2014|5
August 18, 2014|5
August 12, 2014|5
August 11, 2014|5
August 3, 2014|5
August 3, 2014|5
July 24, 2014|2
July 14, 2014|4
July 7, 2014|4
July 3, 2014|5
June 30, 2014|3
June 17, 2014|4
June 17, 2014|4
June 15, 2014|4
May 31, 2014|5
May 25, 2014|5
May 22, 2014|4
April 22, 2014|5
April 22, 2014|5
April 21, 2014|5
April 13, 2014|3
April 11, 2014|5
April 8, 2014|4
April 5, 2014|3
March 27, 2014|4
March 26, 2014|5
March 18, 2014|4
March 4, 2014|4
January 27, 2014|3
January 13, 2014|5
January 6, 2014|5
January 1, 2014|3
December 22, 2013|4
December 19, 2013|5
December 18, 2013|4
December 12, 2013|4
December 10, 2013|5
November 30, 2013|5
October 25, 2013|5
October 18, 2013|4
October 13, 2013|2
October 13, 2013|5
September 23, 2013|5
September 22, 2013|5
September 3, 2013|5
September 3, 2013|5
August 24, 2013|4
July 22, 2013|5
July 19, 2013|4
July 14, 2013|5
July 10, 2013|4
June 10, 2013|4
May 28, 2013|4
May 21, 2013|4
May 12, 2013|5
May 12, 2013|5
May 9, 2013|2
May 7, 2013|4
April 28, 2013|5
April 16, 2013|5
April 15, 2013|3
April 7, 2013|5
April 1, 2013|5
March 26, 2013|4
March 18, 2013|5
March 6, 2013|5
February 17, 2013|5
February 17, 2013|5
February 7, 2013|4
February 7, 2013|5
January 23, 2013|5
January 23, 2013|3
January 13, 2013|5
January 6, 2013|5
December 30, 2012|5
December 14, 2012|3
December 5, 2012|4
November 20, 2012|4
November 18, 2012|4
November 6, 2012|3
October 30, 2012|3
October 26, 2012|4
October 18, 2012|4
October 12, 2012|5
September 30, 2012|5
September 27, 2012|4
August 23, 2012|5
August 22, 2012|3
August 21, 2012|5
August 15, 2012|5
August 14, 2012|5
August 11, 2012|2
August 7, 2012|3
August 5, 2012|4
July 19, 2012|5
July 15, 2012|5
July 9, 2012|5
June 28, 2012|4
June 22, 2012|5
May 29, 2012|5
April 12, 2012|5
March 27, 2012|4
March 25, 2012|3
March 4, 2012|4
February 29, 2012|5
February 23, 2012|5
February 18, 2012|3
February 8, 2012|5
February 3, 2012|5
February 1, 2012|2
January 19, 2012|4
January 17, 2012|5
January 17, 2012|5
January 10, 2012|5
January 6, 2012|5
January 4, 2012|5
November 14, 2011|3
November 8, 2011|4
October 25, 2011|2
October 13, 2011|5
October 10, 2011|4
September 25, 2011|5
September 18, 2011|4
August 19, 2011|5
July 18, 2011|5
March 26, 2011|1
February 3, 2011|4
December 2, 2010|5
October 29, 2010|5
August 11, 2010|5
June 21, 2010|5
June 14, 2010|5
May 4, 2010|5
February 23, 2010|5
January 6, 2010|4
December 1, 2009|5
June 29, 2009|3
May 8, 2009|4
August 13, 2008|5
