Review Date|Review Score
April 13, 2016|4
|3
March 14, 2016|2
February 14, 2016|3
February 11, 2016|5
January 27, 2016|4
January 3, 2016|1
December 14, 2015|5
December 3, 2015|5
November 9, 2015|4
September 7, 2015|5
September 5, 2015|5
September 1, 2015|3
September 1, 2015|4
July 30, 2015|4
July 17, 2015|4
July 7, 2015|4
June 17, 2015|4
May 21, 2015|5
April 6, 2015|4
March 23, 2015|4
March 15, 2015|5
March 3, 2015|5
December 10, 2014|4
December 9, 2014|4
November 11, 2014|5
November 6, 2014|3
October 14, 2014|3
October 13, 2014|4
August 17, 2014|5
August 7, 2014|4
June 18, 2014|4
April 28, 2014|5
February 14, 2014|4
February 6, 2014|4
November 20, 2013|3
July 20, 2013|3
July 15, 2013|4
June 28, 2013|5
June 16, 2013|5
May 24, 2013|5
May 21, 2013|3
April 4, 2013|3
March 31, 2013|5
March 15, 2013|5
March 15, 2013|4
March 14, 2013|5
February 7, 2013|5
January 15, 2013|4
January 5, 2013|5
November 27, 2012|5
November 25, 2012|5
November 18, 2012|4
November 3, 2012|5
October 22, 2012|4
September 1, 2012|5
August 21, 2012|3
August 7, 2012|2
July 30, 2012|3
July 21, 2012|3
July 19, 2012|5
July 8, 2012|3
June 28, 2012|2
June 27, 2012|5
June 7, 2012|4
April 27, 2012|3
April 10, 2012|4
March 27, 2012|3
February 28, 2012|4
February 26, 2012|4
January 11, 2012|4
January 9, 2012|5
December 29, 2011|5
December 24, 2011|4
November 19, 2011|5
September 27, 2011|4
December 31, 2010|2
February 19, 2009|4
December 8, 2008|3
July 21, 2008|5
May 22, 2008|5
April 6, 2008|4
March 16, 2008|5
January 28, 2008|4
December 16, 2007|4
