Review Date|Review Score
April 18, 2016|5
April 17, 2016|5
April 13, 2016|4
April 11, 2016|5
April 11, 2016|5
April 11, 2016|5
April 5, 2016|5
April 2, 2016|4
April 2, 2016|5
April 2, 2016|5
March 30, 2016|5
March 27, 2016|4
March 23, 2016|2
March 23, 2016|5
March 23, 2016|3
March 21, 2016|5
March 20, 2016|4
March 20, 2016|4
March 20, 2016|5
March 16, 2016|5
March 14, 2016|5
March 10, 2016|5
March 9, 2016|5
March 9, 2016|5
March 8, 2016|5
March 7, 2016|5
March 7, 2016|5
March 6, 2016|2
March 6, 2016|5
March 5, 2016|5
February 25, 2016|5
February 24, 2016|5
February 23, 2016|5
February 23, 2016|5
February 16, 2016|5
February 14, 2016|5
February 14, 2016|5
February 9, 2016|5
February 8, 2016|5
February 6, 2016|5
January 25, 2016|5
January 23, 2016|4
January 20, 2016|5
January 9, 2016|5
January 8, 2016|3
January 6, 2016|5
January 5, 2016|5
January 3, 2016|5
January 2, 2016|4
January 2, 2016|4
December 31, 2015|5
December 30, 2015|5
December 25, 2015|5
December 21, 2015|5
December 21, 2015|5
December 20, 2015|5
December 20, 2015|4
December 15, 2015|4
December 15, 2015|3
December 15, 2015|5
December 11, 2015|5
December 10, 2015|3
December 7, 2015|4
December 6, 2015|5
November 30, 2015|5
November 28, 2015|5
November 23, 2015|4
November 22, 2015|3
November 21, 2015|5
November 17, 2015|5
November 13, 2015|5
November 12, 2015|5
November 12, 2015|4
November 11, 2015|5
November 11, 2015|5
November 10, 2015|5
October 31, 2015|4
October 29, 2015|5
October 28, 2015|5
October 27, 2015|4
October 25, 2015|5
October 21, 2015|4
October 21, 2015|5
October 20, 2015|3
October 19, 2015|4
October 18, 2015|4
October 18, 2015|4
October 18, 2015|2
October 16, 2015|3
October 15, 2015|5
October 15, 2015|2
October 14, 2015|3
October 13, 2015|5
October 12, 2015|5
October 12, 2015|3
October 11, 2015|2
October 11, 2015|3
October 10, 2015|5
October 8, 2015|4
October 7, 2015|5
October 7, 2015|5
October 6, 2015|4
September 28, 2015|5
September 28, 2015|5
September 27, 2015|3
September 23, 2015|5
September 22, 2015|3
September 22, 2015|5
September 21, 2015|5
September 21, 2015|5
September 18, 2015|5
September 16, 2015|5
September 12, 2015|3
September 12, 2015|5
September 11, 2015|5
September 10, 2015|4
September 10, 2015|5
September 9, 2015|4
September 9, 2015|5
September 9, 2015|4
September 9, 2015|5
September 8, 2015|5
September 7, 2015|5
September 7, 2015|5
September 5, 2015|5
September 5, 2015|5
September 4, 2015|5
September 3, 2015|5
September 1, 2015|4
September 1, 2015|5
August 31, 2015|3
August 31, 2015|5
August 31, 2015|4
August 31, 2015|5
August 29, 2015|4
August 28, 2015|5
August 27, 2015|5
August 26, 2015|5
August 24, 2015|5
August 23, 2015|5
August 20, 2015|5
August 18, 2015|5
August 12, 2015|5
August 11, 2015|5
August 10, 2015|5
August 10, 2015|4
August 9, 2015|3
August 9, 2015|5
August 6, 2015|5
August 5, 2015|5
August 3, 2015|5
August 2, 2015|5
August 1, 2015|4
August 1, 2015|1
July 29, 2015|4
July 29, 2015|3
July 28, 2015|4
July 28, 2015|5
July 28, 2015|3
July 26, 2015|4
July 26, 2015|5
July 25, 2015|5
July 25, 2015|5
July 23, 2015|5
July 23, 2015|5
July 21, 2015|5
July 21, 2015|2
July 20, 2015|5
July 19, 2015|2
July 18, 2015|5
July 17, 2015|5
July 14, 2015|4
July 11, 2015|5
July 11, 2015|5
July 11, 2015|5
July 10, 2015|2
July 9, 2015|4
July 7, 2015|5
July 5, 2015|5
July 4, 2015|5
July 2, 2015|5
July 1, 2015|5
June 30, 2015|5
June 30, 2015|5
June 30, 2015|4
June 30, 2015|4
June 30, 2015|5
June 28, 2015|5
June 26, 2015|5
June 19, 2015|5
June 15, 2015|5
June 14, 2015|4
June 7, 2015|5
June 7, 2015|5
June 6, 2015|4
June 3, 2015|5
June 3, 2015|5
May 28, 2015|5
May 28, 2015|3
May 26, 2015|5
May 26, 2015|5
May 25, 2015|5
May 25, 2015|5
May 24, 2015|5
May 20, 2015|5
May 19, 2015|5
May 19, 2015|5
May 18, 2015|4
May 18, 2015|5
May 12, 2015|4
May 11, 2015|5
May 8, 2015|5
April 30, 2015|4
April 29, 2015|3
April 29, 2015|5
April 28, 2015|5
April 28, 2015|4
April 27, 2015|5
April 22, 2015|4
April 21, 2015|5
April 18, 2015|5
April 17, 2015|4
April 16, 2015|5
April 14, 2015|4
April 13, 2015|5
April 12, 2015|4
April 7, 2015|5
April 7, 2015|5
April 5, 2015|4
April 2, 2015|4
April 1, 2015|5
April 1, 2015|5
March 31, 2015|4
March 29, 2015|5
March 22, 2015|5
March 17, 2015|4
March 17, 2015|4
March 14, 2015|5
March 14, 2015|5
March 10, 2015|5
March 7, 2015|5
March 6, 2015|5
March 6, 2015|5
March 2, 2015|4
March 2, 2015|5
February 22, 2015|5
February 19, 2015|4
February 18, 2015|4
February 13, 2015|5
February 4, 2015|5
January 30, 2015|5
January 27, 2015|3
January 23, 2015|5
January 22, 2015|5
January 16, 2015|5
January 11, 2015|5
January 9, 2015|5
January 3, 2015|3
December 24, 2014|4
December 21, 2014|4
December 16, 2014|4
December 14, 2014|4
December 14, 2014|5
December 7, 2014|5
December 6, 2014|4
December 6, 2014|4
December 4, 2014|4
December 4, 2014|5
December 2, 2014|5
December 2, 2014|5
December 2, 2014|5
December 2, 2014|5
December 2, 2014|5
November 30, 2014|5
November 30, 2014|3
November 21, 2014|1
November 18, 2014|4
November 17, 2014|5
November 17, 2014|5
November 16, 2014|5
November 12, 2014|4
November 11, 2014|4
November 10, 2014|5
November 9, 2014|5
November 8, 2014|5
November 6, 2014|5
November 5, 2014|4
November 3, 2014|4
November 2, 2014|5
November 1, 2014|5
October 30, 2014|5
October 27, 2014|4
October 27, 2014|4
October 25, 2014|5
October 23, 2014|5
October 19, 2014|5
October 17, 2014|5
October 14, 2014|4
October 14, 2014|5
October 14, 2014|4
October 13, 2014|5
October 12, 2014|2
October 11, 2014|5
October 9, 2014|5
October 6, 2014|4
October 6, 2014|5
October 1, 2014|5
September 30, 2014|3
September 28, 2014|4
September 27, 2014|5
September 26, 2014|5
September 22, 2014|4
September 21, 2014|5
September 20, 2014|5
September 19, 2014|5
September 17, 2014|5
September 15, 2014|5
September 11, 2014|5
September 7, 2014|5
September 7, 2014|5
September 6, 2014|5
September 4, 2014|3
September 2, 2014|4
August 30, 2014|5
August 30, 2014|4
August 30, 2014|5
August 30, 2014|5
August 26, 2014|5
August 25, 2014|4
August 24, 2014|5
August 24, 2014|5
August 24, 2014|5
August 21, 2014|4
August 18, 2014|5
August 18, 2014|5
August 17, 2014|5
August 11, 2014|4
August 11, 2014|5
August 10, 2014|4
August 9, 2014|5
August 8, 2014|5
August 8, 2014|5
August 7, 2014|5
August 6, 2014|5
August 6, 2014|5
August 5, 2014|5
August 5, 2014|5
August 4, 2014|5
August 2, 2014|5
August 2, 2014|5
July 31, 2014|5
July 29, 2014|5
July 26, 2014|5
July 21, 2014|4
July 20, 2014|5
July 20, 2014|4
July 20, 2014|5
July 19, 2014|5
July 19, 2014|5
July 13, 2014|4
June 30, 2014|2
June 30, 2014|5
June 23, 2014|5
June 17, 2014|5
June 5, 2014|5
May 28, 2014|5
May 28, 2014|4
May 28, 2014|5
May 28, 2014|5
May 28, 2014|5
May 28, 2014|5
May 21, 2014|5
May 10, 2014|4
May 8, 2014|5
May 8, 2014|4
May 6, 2014|5
May 4, 2014|4
April 26, 2014|4
April 24, 2014|4
April 22, 2014|5
April 21, 2014|4
April 16, 2014|5
April 15, 2014|5
April 15, 2014|5
April 15, 2014|5
March 31, 2014|5
March 28, 2014|5
March 16, 2014|5
March 12, 2014|5
March 6, 2014|4
March 6, 2014|3
March 5, 2014|5
March 5, 2014|3
March 5, 2014|5
March 4, 2014|5
March 4, 2014|4
March 4, 2014|4
March 4, 2014|4
March 4, 2014|5
March 4, 2014|1
March 4, 2014|5
March 4, 2014|2
March 4, 2014|5
March 4, 2014|5
March 4, 2014|4
March 2, 2014|4
February 26, 2014|5
February 18, 2014|4
February 16, 2014|5
February 15, 2014|3
January 31, 2014|5
January 24, 2014|5
January 7, 2014|4
January 7, 2014|5
January 7, 2014|5
January 6, 2014|5
January 3, 2014|4
December 23, 2013|5
November 30, 2013|5
November 10, 2013|4
November 1, 2013|4
October 27, 2013|5
October 23, 2013|4
October 23, 2013|5
October 22, 2013|3
October 20, 2013|4
October 15, 2013|2
October 14, 2013|4
October 10, 2013|5
October 2, 2013|3
October 2, 2013|4
September 30, 2013|5
September 27, 2013|5
September 24, 2013|4
September 15, 2013|4
September 11, 2013|4
September 10, 2013|2
September 8, 2013|5
September 8, 2013|4
September 8, 2013|4
September 8, 2013|4
September 3, 2013|5
September 3, 2013|5
September 3, 2013|4
September 2, 2013|4
September 1, 2013|5
August 26, 2013|5
August 26, 2013|3
August 21, 2013|5
August 18, 2013|4
August 16, 2013|5
August 16, 2013|5
August 14, 2013|5
August 9, 2013|4
August 7, 2013|4
August 5, 2013|2
July 31, 2013|4
July 29, 2013|3
July 27, 2013|5
July 21, 2013|4
July 17, 2013|5
July 14, 2013|4
July 12, 2013|4
July 12, 2013|1
July 9, 2013|3
July 8, 2013|5
July 8, 2013|5
July 8, 2013|5
July 6, 2013|5
July 4, 2013|4
June 27, 2013|4
June 26, 2013|5
June 24, 2013|5
June 23, 2013|5
June 23, 2013|2
June 15, 2013|5
June 13, 2013|5
June 10, 2013|2
May 31, 2013|5
May 29, 2013|4
May 25, 2013|4
May 25, 2013|5
May 21, 2013|5
May 20, 2013|4
May 13, 2013|5
May 11, 2013|5
May 10, 2013|5
May 5, 2013|4
April 30, 2013|4
April 28, 2013|5
April 27, 2013|5
April 21, 2013|4
April 14, 2013|5
April 11, 2013|5
April 8, 2013|2
April 8, 2013|5
April 7, 2013|5
March 30, 2013|5
March 26, 2013|4
March 25, 2013|4
March 19, 2013|5
March 17, 2013|5
March 16, 2013|5
March 14, 2013|5
March 14, 2013|4
March 12, 2013|5
March 11, 2013|5
March 9, 2013|5
March 5, 2013|5
March 5, 2013|4
February 27, 2013|4
February 25, 2013|5
February 25, 2013|4
February 21, 2013|4
February 18, 2013|3
February 8, 2013|5
February 7, 2013|5
February 5, 2013|5
February 4, 2013|4
February 3, 2013|5
January 24, 2013|5
January 24, 2013|4
January 23, 2013|5
January 19, 2013|4
January 15, 2013|5
January 15, 2013|4
January 7, 2013|4
January 6, 2013|4
January 5, 2013|5
December 20, 2012|4
December 18, 2012|5
December 11, 2012|5
December 9, 2012|4
November 27, 2012|5
November 25, 2012|3
November 18, 2012|4
November 14, 2012|5
November 5, 2012|4
November 3, 2012|5
November 1, 2012|5
October 27, 2012|4
October 26, 2012|4
October 26, 2012|5
October 22, 2012|4
October 17, 2012|5
October 9, 2012|5
October 4, 2012|5
September 28, 2012|5
September 9, 2012|3
September 8, 2012|3
September 7, 2012|4
September 6, 2012|5
September 5, 2012|4
September 4, 2012|5
September 4, 2012|4
September 4, 2012|5
August 30, 2012|5
August 27, 2012|4
August 21, 2012|5
August 20, 2012|4
August 18, 2012|5
August 16, 2012|5
August 15, 2012|5
August 8, 2012|5
August 7, 2012|5
August 7, 2012|2
August 5, 2012|5
August 4, 2012|5
July 24, 2012|5
July 23, 2012|4
July 22, 2012|3
July 22, 2012|4
July 19, 2012|5
July 19, 2012|4
July 18, 2012|2
July 14, 2012|4
July 12, 2012|3
June 30, 2012|5
June 28, 2012|5
June 27, 2012|3
June 27, 2012|5
June 23, 2012|4
June 16, 2012|4
June 12, 2012|2
June 11, 2012|4
June 8, 2012|4
June 1, 2012|5
May 28, 2012|5
May 24, 2012|5
May 22, 2012|5
May 20, 2012|3
May 13, 2012|5
May 12, 2012|3
May 9, 2012|5
April 27, 2012|4
April 18, 2012|5
April 16, 2012|5
April 15, 2012|5
April 14, 2012|4
April 12, 2012|5
April 12, 2012|3
April 6, 2012|5
April 5, 2012|5
April 4, 2012|5
March 27, 2012|4
March 24, 2012|5
March 24, 2012|5
March 6, 2012|5
March 4, 2012|5
March 1, 2012|5
February 28, 2012|5
February 20, 2012|5
February 20, 2012|5
February 14, 2012|4
January 24, 2012|5
January 22, 2012|5
January 20, 2012|5
January 15, 2012|5
January 6, 2012|4
December 30, 2011|5
December 9, 2011|3
December 8, 2011|4
November 21, 2011|5
November 19, 2011|5
November 19, 2011|4
November 13, 2011|5
November 7, 2011|5
November 6, 2011|5
October 31, 2011|4
October 31, 2011|5
October 26, 2011|4
October 24, 2011|5
October 14, 2011|4
October 5, 2011|5
October 2, 2011|3
September 29, 2011|4
September 26, 2011|5
September 22, 2011|1
September 21, 2011|5
September 12, 2011|5
September 6, 2011|4
September 5, 2011|5
September 4, 2011|4
August 27, 2011|5
August 26, 2011|5
August 17, 2011|5
August 7, 2011|4
July 28, 2011|5
July 28, 2011|4
July 17, 2011|3
July 12, 2011|5
July 11, 2011|4
July 2, 2011|1
June 21, 2011|5
June 18, 2011|5
May 8, 2011|5
February 20, 2011|4
January 16, 2011|5
November 27, 2010|5
October 24, 2010|5
October 13, 2010|3
August 26, 2010|2
August 9, 2010|5
August 4, 2010|3
March 28, 2010|3
March 26, 2010|5
March 17, 2010|5
December 23, 2009|3
December 4, 2009|5
October 27, 2009|5
October 20, 2009|5
October 19, 2009|5
October 18, 2009|5
October 7, 2009|4
September 11, 2009|5
August 31, 2009|4
July 27, 2009|5
June 29, 2009|5
June 24, 2009|3
May 13, 2009|2
April 19, 2009|3
April 17, 2009|5
January 25, 2009|2
December 22, 2008|5
November 16, 2008|3
October 25, 2008|4
September 30, 2008|5
September 24, 2008|1
September 4, 2008|5
August 25, 2008|4
August 13, 2008|2
August 6, 2008|5
August 5, 2008|4
July 22, 2008|2
July 8, 2008|4
June 22, 2008|4
June 9, 2008|3
May 24, 2008|1
April 3, 2008|2
January 31, 2008|5
January 24, 2008|5
December 31, 2007|2
December 5, 2007|5
December 4, 2007|4
December 2, 2007|3
November 29, 2007|5
November 7, 2007|5
July 11, 2007|5
December 8, 2006|5
