Review Date|Review Score
April 12, 2016|4
March 16, 2016|5
January 2, 2016|4
December 28, 2015|5
December 1, 2015|4
October 30, 2015|4
October 4, 2015|4
October 3, 2015|5
September 12, 2015|4
September 8, 2015|4
September 6, 2015|5
August 23, 2015|5
August 12, 2015|5
August 11, 2015|4
July 9, 2015|5
June 29, 2015|3
June 27, 2015|4
June 21, 2015|5
June 8, 2015|5
June 7, 2015|4
May 30, 2015|3
May 20, 2015|2
May 14, 2015|5
April 10, 2015|4
March 30, 2015|3
March 11, 2015|5
March 10, 2015|5
February 25, 2015|3
January 16, 2015|4
December 9, 2014|5
December 4, 2014|5
September 25, 2014|5
September 22, 2014|4
September 16, 2014|4
September 9, 2014|3
August 29, 2014|5
August 26, 2014|5
August 24, 2014|5
August 11, 2014|5
August 9, 2014|5
July 31, 2014|1
July 22, 2014|4
July 18, 2014|5
June 30, 2014|5
February 14, 2014|4
February 8, 2014|5
February 6, 2014|4
December 7, 2013|5
November 8, 2013|3
November 2, 2013|4
November 1, 2013|4
October 22, 2013|5
October 20, 2013|5
September 24, 2013|4
August 28, 2013|4
August 14, 2013|5
August 12, 2013|2
July 7, 2013|5
June 24, 2013|4
June 5, 2013|3
May 2, 2013|5
February 17, 2013|4
February 12, 2013|4
February 4, 2013|5
February 3, 2013|4
January 3, 2013|3
November 6, 2012|4
October 21, 2012|4
September 27, 2012|3
September 20, 2012|3
September 2, 2012|5
August 26, 2012|1
August 24, 2012|3
August 16, 2012|5
August 14, 2012|5
July 11, 2012|4
July 8, 2012|5
June 28, 2012|5
June 28, 2012|5
June 21, 2012|4
June 4, 2012|5
April 30, 2012|5
April 28, 2012|5
April 23, 2012|5
April 1, 2012|5
March 31, 2012|4
March 31, 2012|5
February 24, 2012|4
January 26, 2012|5
January 21, 2012|2
January 1, 2012|5
December 30, 2011|4
November 23, 2011|3
November 20, 2011|4
November 5, 2011|4
October 12, 2011|4
August 13, 2011|5
July 31, 2011|4
June 7, 2010|5
May 30, 2010|1
February 11, 2009|5
December 8, 2008|3
November 24, 2008|5
