Review Date|Review Score
April 18, 2016|5
April 3, 2016|5
March 23, 2016|5
March 16, 2016|4
4 weeks ago|5
March 6, 2016|5
February 11, 2016|3
January 29, 2016|4
January 17, 2016|4
January 2, 2016|4
December 7, 2015|4
November 16, 2015|3
November 11, 2015|4
October 18, 2015|2
October 14, 2015|4
October 4, 2015|5
September 28, 2015|4
September 28, 2015|5
September 28, 2015|4
September 5, 2015|4
September 2, 2015|5
August 29, 2015|5
August 20, 2015|4
August 16, 2015|5
July 30, 2015|4
July 27, 2015|5
July 23, 2015|5
June 17, 2015|5
May 27, 2015|4
May 11, 2015|4
April 29, 2015|5
April 27, 2015|5
April 22, 2015|5
March 20, 2015|4
March 10, 2015|4
March 3, 2015|5
February 21, 2015|4
February 21, 2015|5
February 11, 2015|5
February 4, 2015|5
January 12, 2015|5
January 6, 2015|3
January 4, 2015|5
December 11, 2014|4
December 8, 2014|5
December 7, 2014|3
December 4, 2014|5
November 19, 2014|4
November 9, 2014|4
November 7, 2014|4
October 11, 2014|4
October 7, 2014|5
October 3, 2014|5
September 29, 2014|5
September 25, 2014|4
September 21, 2014|3
September 20, 2014|3
September 17, 2014|4
August 27, 2014|4
August 19, 2014|5
July 18, 2014|5
July 15, 2014|4
July 8, 2014|4
July 3, 2014|4
June 30, 2014|4
June 19, 2014|5
June 9, 2014|4
May 31, 2014|5
May 28, 2014|5
May 28, 2014|4
May 23, 2014|1
May 9, 2014|5
April 28, 2014|4
April 21, 2014|4
March 24, 2014|4
March 17, 2014|4
February 14, 2014|5
January 7, 2014|5
December 5, 2013|3
November 25, 2013|2
October 13, 2013|5
October 8, 2013|3
October 8, 2013|5
September 30, 2013|5
September 25, 2013|3
September 17, 2013|2
August 15, 2013|3
August 12, 2013|5
July 28, 2013|5
July 23, 2013|2
July 16, 2013|5
July 1, 2013|4
June 17, 2013|5
May 13, 2013|5
April 22, 2013|5
April 14, 2013|5
April 9, 2013|5
April 3, 2013|5
April 3, 2013|4
March 16, 2013|5
February 3, 2013|5
January 15, 2013|5
January 14, 2013|4
January 1, 2013|5
December 30, 2012|5
December 26, 2012|5
November 10, 2012|5
October 20, 2012|4
October 10, 2012|1
October 8, 2012|5
September 19, 2012|1
September 16, 2012|4
September 2, 2012|5
July 16, 2012|4
July 3, 2012|4
June 24, 2012|5
June 2, 2012|4
May 22, 2012|5
May 18, 2012|1
May 11, 2012|4
April 21, 2012|3
April 16, 2012|5
March 24, 2012|5
March 24, 2012|4
February 24, 2012|1
January 22, 2012|5
December 9, 2011|3
November 14, 2011|5
November 9, 2011|5
November 7, 2011|5
