Review Date|Review Score
March 16, 2016|5
February 19, 2016|5
January 17, 2016|4
December 7, 2015|5
November 27, 2015|4
November 24, 2015|4
November 23, 2015|4
October 29, 2015|5
October 20, 2015|4
October 5, 2015|5
September 28, 2015|3
September 22, 2015|3
September 4, 2015|4
August 4, 2015|3
July 29, 2015|5
July 26, 2015|4
July 22, 2015|5
July 7, 2015|5
June 19, 2015|5
June 18, 2015|4
May 28, 2015|5
April 10, 2015|4
April 7, 2015|4
February 3, 2015|5
January 30, 2015|5
January 21, 2015|4
January 5, 2015|5
November 10, 2014|5
October 18, 2014|5
October 15, 2014|5
October 14, 2014|4
October 5, 2014|4
September 30, 2014|5
September 13, 2014|5
September 13, 2014|4
August 29, 2014|5
August 17, 2014|1
August 1, 2014|5
July 21, 2014|3
February 19, 2014|5
January 21, 2014|4
January 2, 2014|4
December 3, 2013|5
December 3, 2013|5
November 22, 2013|5
November 3, 2013|5
October 28, 2013|3
October 19, 2013|4
October 18, 2013|3
October 9, 2013|5
September 11, 2013|5
September 2, 2013|5
August 31, 2013|4
August 18, 2013|4
August 1, 2013|4
June 11, 2013|4
June 2, 2013|4
May 6, 2013|5
April 17, 2013|5
April 11, 2013|5
March 6, 2013|3
February 14, 2013|5
January 28, 2013|5
January 22, 2013|4
January 9, 2013|2
December 31, 2012|5
December 16, 2012|4
December 13, 2012|4
November 23, 2012|1
November 6, 2012|4
October 28, 2012|1
October 15, 2012|4
September 30, 2012|5
August 14, 2012|3
August 12, 2012|5
August 4, 2012|5
July 2, 2012|3
May 9, 2012|3
March 25, 2012|4
March 17, 2012|4
February 16, 2012|4
February 3, 2012|5
December 10, 2011|5
October 13, 2011|4
August 24, 2011|5
August 12, 2011|2
August 1, 2011|5
July 29, 2011|5
July 15, 2011|5
January 13, 2010|5
October 24, 2009|4
July 27, 2009|4
May 11, 2009|5
October 2, 2008|5
July 21, 2008|4
July 14, 2008|4
February 25, 2008|5
February 6, 2008|5
February 2, 2008|3
December 26, 2007|5
December 17, 2007|3
November 25, 2007|4
October 29, 2007|5
