Review Date|Review Score
March 21, 2016|5
February 28, 2016|4
January 14, 2016|4
November 11, 2015|4
October 31, 2015|4
October 30, 2015|2
October 11, 2015|1
October 9, 2015|4
September 27, 2015|4
September 12, 2015|5
September 8, 2015|5
September 2, 2015|5
August 26, 2015|5
August 22, 2015|4
August 17, 2015|5
July 31, 2015|5
July 7, 2015|5
June 26, 2015|5
June 24, 2015|5
June 6, 2015|5
May 27, 2015|5
April 25, 2015|5
April 22, 2015|5
April 11, 2015|5
February 21, 2015|5
January 31, 2015|5
January 22, 2015|5
December 29, 2014|5
December 22, 2014|5
December 9, 2014|5
November 23, 2014|4
November 14, 2014|4
October 31, 2014|4
September 29, 2014|5
July 22, 2014|5
July 22, 2014|3
March 14, 2014|4
