Review Date|Review Score
April 2, 2016|4
March 14, 2016|5
February 19, 2016|5
November 19, 2015|5
September 26, 2015|4
September 3, 2015|3
August 29, 2015|4
July 20, 2015|4
December 7, 2014|4
October 27, 2014|3
August 28, 2014|5
August 18, 2014|4
April 28, 2014|2
March 5, 2014|5
November 16, 2013|4
August 12, 2013|2
June 19, 2013|4
April 8, 2013|4
March 29, 2013|5
March 15, 2013|5
January 31, 2013|4
January 14, 2013|5
December 9, 2012|1
July 6, 2012|3
February 16, 2012|4
January 16, 2012|5
January 8, 2012|5
September 18, 2011|1
April 20, 2011|1
April 4, 2011|1
March 9, 2011|3
July 28, 2010|5
September 2, 2009|5
August 18, 2008|1
August 1, 2008|4
July 8, 2008|2
March 23, 2008|1
February 11, 2008|1
September 12, 2007|3
May 19, 2006|1
May 7, 2006|1
May 30, 2005|5
