Review Date|Review Score
March 26, 2016|5
February 28, 2016|5
February 19, 2016|4
December 11, 2015|4
November 15, 2015|5
November 10, 2015|2
September 28, 2015|5
September 22, 2015|5
April 26, 2015|3
April 5, 2015|2
March 24, 2015|5
March 22, 2015|5
February 2, 2015|4
December 13, 2014|4
October 2, 2014|4
June 6, 2014|5
June 1, 2014|5
May 30, 2014|5
April 14, 2014|4
January 7, 2014|4
January 5, 2014|4
December 4, 2013|4
October 14, 2013|5
August 2, 2013|5
June 8, 2013|5
April 21, 2013|3
April 13, 2013|5
February 19, 2013|2
January 9, 2013|4
December 16, 2012|5
December 12, 2012|5
December 2, 2012|5
November 24, 2012|5
November 5, 2012|5
July 15, 2012|2
July 11, 2012|4
July 9, 2012|5
April 28, 2012|5
March 4, 2012|5
January 5, 2012|4
January 2, 2012|5
August 5, 2011|4
July 29, 2011|5
June 13, 2011|4
June 10, 2011|4
May 26, 2011|3
April 3, 2011|4
December 12, 2010|5
March 9, 2009|4
January 6, 2009|5
June 28, 2008|4
February 14, 2008|3
January 11, 2008|4
