Review Date|Review Score
April 17, 2016|5
April 17, 2016|4
April 11, 2016|4
April 3, 2016|5
March 31, 2016|4
March 23, 2016|5
March 18, 2016|5
3 weeks ago|3
4 weeks ago|4
March 2, 2016|4
January 11, 2016|5
January 3, 2016|3
December 5, 2015|5
December 2, 2015|5
November 22, 2015|5
November 19, 2015|5
November 12, 2015|4
November 10, 2015|5
November 4, 2015|5
November 1, 2015|4
October 29, 2015|4
October 20, 2015|5
October 18, 2015|5
October 15, 2015|5
October 6, 2015|5
October 6, 2015|5
September 30, 2015|4
September 29, 2015|5
September 28, 2015|3
September 27, 2015|4
September 17, 2015|5
September 14, 2015|5
September 12, 2015|5
September 12, 2015|5
September 8, 2015|4
September 6, 2015|4
September 2, 2015|5
September 1, 2015|3
August 30, 2015|2
August 30, 2015|4
July 28, 2015|5
July 27, 2015|4
July 23, 2015|4
July 22, 2015|4
July 16, 2015|3
July 14, 2015|5
July 11, 2015|3
July 11, 2015|5
July 7, 2015|5
July 2, 2015|4
June 28, 2015|5
June 23, 2015|4
June 14, 2015|5
June 3, 2015|5
May 2, 2015|1
April 9, 2015|4
April 9, 2015|4
April 4, 2015|3
March 24, 2015|5
March 16, 2015|4
March 9, 2015|5
March 3, 2015|5
February 25, 2015|4
January 21, 2015|4
January 19, 2015|2
January 10, 2015|2
January 9, 2015|5
January 6, 2015|4
January 3, 2015|5
January 3, 2015|3
December 31, 2014|4
December 21, 2014|4
December 10, 2014|4
December 9, 2014|5
December 4, 2014|3
December 4, 2014|4
November 26, 2014|5
November 9, 2014|4
October 25, 2014|4
October 20, 2014|4
October 15, 2014|5
October 11, 2014|3
October 7, 2014|4
September 29, 2014|5
September 29, 2014|4
September 26, 2014|4
September 25, 2014|5
September 13, 2014|5
September 6, 2014|4
September 6, 2014|4
August 26, 2014|4
August 25, 2014|4
August 18, 2014|4
August 15, 2014|5
August 11, 2014|4
July 17, 2014|2
July 16, 2014|5
July 4, 2014|4
July 1, 2014|4
June 24, 2014|3
June 15, 2014|5
June 14, 2014|5
May 28, 2014|5
May 13, 2014|4
May 8, 2014|3
April 21, 2014|4
April 15, 2014|5
April 1, 2014|1
March 31, 2014|5
March 28, 2014|4
March 4, 2014|5
March 2, 2014|5
February 15, 2014|5
January 21, 2014|5
January 19, 2014|4
January 2, 2014|5
November 10, 2013|4
November 6, 2013|4
November 5, 2013|4
November 1, 2013|5
October 31, 2013|5
October 23, 2013|4
October 17, 2013|5
October 15, 2013|4
October 14, 2013|5
October 3, 2013|4
October 2, 2013|5
September 24, 2013|3
September 22, 2013|3
September 22, 2013|5
September 16, 2013|3
September 16, 2013|3
September 3, 2013|4
August 22, 2013|5
August 16, 2013|5
August 5, 2013|4
August 4, 2013|5
August 3, 2013|5
August 2, 2013|5
July 22, 2013|4
July 18, 2013|3
July 14, 2013|5
June 25, 2013|4
June 2, 2013|5
May 28, 2013|5
May 20, 2013|4
May 1, 2013|4
April 28, 2013|4
April 26, 2013|3
April 21, 2013|5
April 11, 2013|4
March 23, 2013|5
March 10, 2013|5
March 6, 2013|5
February 17, 2013|4
January 31, 2013|5
January 24, 2013|4
January 23, 2013|4
January 15, 2013|4
January 12, 2013|5
January 6, 2013|3
December 29, 2012|5
December 25, 2012|5
December 25, 2012|5
December 11, 2012|5
November 18, 2012|5
November 16, 2012|5
November 5, 2012|5
November 4, 2012|3
October 7, 2012|5
September 22, 2012|4
September 17, 2012|3
September 10, 2012|5
September 9, 2012|5
August 12, 2012|4
August 8, 2012|4
July 31, 2012|5
July 24, 2012|5
July 22, 2012|4
July 19, 2012|5
July 16, 2012|4
July 14, 2012|4
July 9, 2012|4
July 6, 2012|5
June 27, 2012|3
June 24, 2012|4
June 3, 2012|5
May 29, 2012|5
May 29, 2012|4
May 22, 2012|5
May 20, 2012|5
May 19, 2012|4
May 10, 2012|4
April 17, 2012|4
April 11, 2012|3
February 19, 2012|4
January 26, 2012|1
January 14, 2012|5
January 9, 2012|5
December 23, 2011|4
December 5, 2011|5
November 21, 2011|4
November 15, 2011|5
November 14, 2011|5
November 7, 2011|4
October 27, 2011|5
October 5, 2011|4
September 12, 2011|5
September 8, 2011|5
September 7, 2011|2
August 23, 2011|4
August 22, 2011|5
August 8, 2011|5
August 4, 2011|3
August 2, 2011|4
July 30, 2011|2
July 28, 2011|2
July 28, 2011|4
July 19, 2011|4
July 13, 2011|4
July 1, 2011|5
June 27, 2011|4
March 24, 2011|4
January 29, 2011|5
September 27, 2010|4
August 30, 2010|5
August 25, 2010|5
July 20, 2010|3
April 22, 2010|4
February 23, 2010|5
January 6, 2010|4
November 28, 2009|3
August 30, 2009|5
