Review Date|Review Score
January 1, 2016|4
December 18, 2015|4
September 14, 2015|4
August 11, 2015|5
July 22, 2015|4
May 26, 2015|5
May 1, 2015|4
October 14, 2014|4
October 6, 2014|5
October 6, 2014|5
October 6, 2014|5
September 17, 2014|4
July 27, 2014|5
July 22, 2014|2
June 18, 2014|5
May 28, 2014|1
February 26, 2014|5
February 19, 2014|5
November 4, 2013|4
October 9, 2013|4
September 7, 2013|4
July 2, 2013|5
April 9, 2013|5
January 9, 2013|5
December 13, 2012|3
September 25, 2012|4
September 15, 2012|4
April 9, 2012|4
March 25, 2012|4
January 14, 2012|4
November 4, 2011|5
November 4, 2011|3
August 12, 2011|3
June 14, 2011|5
July 29, 2010|4
July 14, 2010|4
January 4, 2010|5
December 5, 2009|5
November 16, 2009|5
August 25, 2009|4
June 9, 2009|4
November 25, 2008|5
October 25, 2008|5
July 21, 2008|4
July 16, 2008|4
June 9, 2008|4
April 21, 2008|3
February 8, 2008|4
December 17, 2007|2
December 3, 2007|4
December 3, 2007|5
