Review Date|Review Score
April 16, 2016|5
April 12, 2016|3
1 week ago|5
January 8, 2016|5
January 8, 2016|5
December 3, 2015|4
November 30, 2015|5
August 14, 2015|5
August 11, 2015|1
July 15, 2015|5
December 16, 2014|4
November 29, 2014|1
November 6, 2014|5
October 27, 2014|1
October 9, 2014|5
September 29, 2014|5
September 21, 2014|5
September 19, 2014|4
September 18, 2014|5
September 14, 2014|5
July 7, 2014|2
June 16, 2014|4
May 28, 2014|1
May 14, 2014|5
March 21, 2014|5
March 10, 2014|4
March 4, 2014|3
February 2, 2014|5
January 18, 2014|5
January 5, 2014|4
December 19, 2013|4
December 9, 2013|5
November 10, 2013|5
September 9, 2013|5
May 11, 2013|5
