Review Date|Review Score
March 24, 2016|4
March 21, 2016|4
March 21, 2016|3
March 16, 2016|4
March 5, 2016|5
February 21, 2016|5
January 18, 2016|4
January 12, 2016|4
September 20, 2015|4
August 28, 2015|5
August 13, 2015|4
July 31, 2015|4
July 11, 2015|3
July 9, 2015|4
July 3, 2015|3
July 2, 2015|5
June 11, 2015|5
June 8, 2015|4
May 4, 2015|4
May 3, 2015|3
April 8, 2015|5
March 1, 2015|2
February 27, 2015|4
February 12, 2015|5
December 28, 2014|1
December 13, 2014|2
December 3, 2014|3
November 24, 2014|5
November 18, 2014|3
October 28, 2014|1
September 6, 2014|4
August 11, 2014|4
July 28, 2014|3
July 22, 2014|3
July 21, 2014|4
May 26, 2014|2
May 4, 2014|4
March 3, 2014|4
February 11, 2014|4
November 16, 2013|5
November 10, 2013|4
October 5, 2013|5
October 2, 2013|4
September 17, 2013|5
July 29, 2013|4
July 20, 2013|5
July 7, 2013|4
June 29, 2013|3
May 7, 2013|5
May 2, 2013|4
April 21, 2013|4
April 20, 2013|4
March 1, 2013|4
February 25, 2013|4
January 30, 2013|5
January 28, 2013|5
November 8, 2012|5
November 5, 2012|4
August 27, 2012|5
August 15, 2012|4
August 13, 2012|4
August 11, 2012|4
August 6, 2012|5
July 18, 2012|4
July 9, 2012|4
June 27, 2012|5
May 11, 2012|5
April 19, 2012|5
February 16, 2012|5
December 11, 2011|4
December 2, 2011|3
July 6, 2011|5
June 22, 2011|4
September 26, 2010|1
