Review Date|Review Score
March 14, 2016|5
March 14, 2016|5
March 14, 2016|2
February 20, 2016|5
December 16, 2015|5
November 18, 2015|5
November 15, 2015|5
October 19, 2015|4
October 13, 2015|5
August 22, 2015|5
August 14, 2015|5
July 18, 2015|4
June 10, 2015|4
June 2, 2015|5
April 26, 2015|5
April 18, 2015|4
April 12, 2015|4
March 25, 2015|5
December 24, 2014|5
December 19, 2014|5
December 14, 2014|3
November 8, 2014|3
October 24, 2014|4
October 20, 2014|5
September 2, 2014|2
September 2, 2014|4
August 8, 2014|5
August 4, 2014|5
June 12, 2014|5
April 17, 2014|5
April 14, 2014|5
April 5, 2014|4
March 17, 2014|4
November 24, 2013|5
September 16, 2013|5
August 13, 2013|5
June 30, 2013|5
June 20, 2013|4
February 20, 2013|4
February 17, 2013|2
November 6, 2012|4
October 11, 2012|5
June 20, 2012|3
February 18, 2012|5
January 22, 2012|5
January 5, 2012|3
December 29, 2011|5
August 21, 2011|5
June 14, 2011|5
April 25, 2011|5
May 20, 2009|4
September 10, 2008|5
April 2, 2008|5
December 17, 2007|5
December 4, 2007|5
