Review Date|Review Score
January 26, 2016|3
January 18, 2016|4
January 4, 2016|4
January 4, 2016|3
December 31, 2015|4
November 10, 2015|5
November 10, 2015|5
October 29, 2015|4
September 22, 2015|5
September 10, 2015|5
September 1, 2015|5
July 23, 2015|4
July 8, 2015|3
June 14, 2015|5
June 1, 2015|5
April 29, 2015|4
April 25, 2015|3
April 21, 2015|3
April 11, 2015|3
January 16, 2015|5
December 2, 2014|4
September 3, 2014|5
July 3, 2014|4
June 30, 2014|4
March 26, 2014|4
November 3, 2013|4
August 19, 2013|4
August 11, 2013|4
April 5, 2013|4
March 16, 2013|1
February 27, 2013|1
