Review Date|Review Score
March 5, 2016|5
February 28, 2016|4
February 16, 2016|5
January 13, 2016|5
November 21, 2015|2
October 3, 2015|5
August 21, 2015|5
August 5, 2015|4
August 4, 2015|4
July 8, 2015|4
June 16, 2015|5
April 20, 2015|4
March 21, 2015|5
February 18, 2015|5
January 14, 2015|5
January 8, 2015|2
December 19, 2014|5
November 5, 2014|5
October 21, 2014|5
October 20, 2014|5
September 22, 2014|5
September 9, 2014|4
September 2, 2014|5
August 22, 2014|3
August 8, 2014|4
August 5, 2014|5
June 30, 2014|5
June 30, 2014|5
June 19, 2014|4
June 9, 2014|4
February 20, 2014|4
December 29, 2013|5
October 10, 2013|5
August 22, 2013|4
July 5, 2013|5
July 2, 2013|1
May 27, 2013|4
February 24, 2013|5
February 16, 2013|4
January 24, 2013|4
January 16, 2013|4
January 13, 2013|4
January 10, 2013|5
October 11, 2012|4
October 11, 2012|5
October 6, 2012|5
October 3, 2012|5
September 22, 2012|4
September 17, 2012|5
September 14, 2012|5
August 3, 2012|5
July 25, 2012|4
June 19, 2012|5
June 18, 2012|4
June 11, 2012|4
May 29, 2012|5
April 16, 2012|4
April 1, 2012|4
March 4, 2012|5
February 20, 2012|5
January 30, 2012|4
October 22, 2011|4
September 18, 2011|4
September 11, 2011|1
August 12, 2011|2
August 4, 2011|3
July 28, 2011|4
July 23, 2011|3
July 14, 2011|3
May 28, 2011|4
April 25, 2011|1
February 27, 2011|2
July 1, 2010|2
June 21, 2009|3
June 9, 2009|3
June 9, 2009|3
December 8, 2008|5
October 3, 2008|2
August 15, 2008|5
April 23, 2008|4
April 2, 2008|2
November 19, 2007|5
October 5, 2007|1
June 17, 2006|5
