Review Date|Review Score
April 16, 2016|4
April 9, 2016|5
April 9, 2016|5
March 30, 2016|5
March 16, 2016|5
March 15, 2016|5
March 15, 2016|4
March 15, 2016|5
5 weeks ago|5
March 13, 2016|4
February 29, 2016|5
February 15, 2016|5
February 14, 2016|5
February 2, 2016|5
January 21, 2016|4
January 20, 2016|4
December 24, 2015|5
December 17, 2015|4
December 10, 2015|3
December 6, 2015|5
November 30, 2015|4
November 23, 2015|2
November 17, 2015|4
October 29, 2015|4
October 24, 2015|5
October 19, 2015|5
October 18, 2015|4
October 16, 2015|5
October 8, 2015|5
September 18, 2015|4
September 11, 2015|5
September 6, 2015|4
July 29, 2015|4
July 28, 2015|3
July 25, 2015|5
July 6, 2015|4
July 5, 2015|1
July 4, 2015|3
July 2, 2015|5
July 1, 2015|5
June 29, 2015|5
June 27, 2015|5
June 26, 2015|5
June 22, 2015|3
June 18, 2015|5
June 17, 2015|2
June 17, 2015|4
June 5, 2015|5
June 3, 2015|5
May 28, 2015|5
May 26, 2015|4
May 11, 2015|2
April 27, 2015|5
April 22, 2015|4
April 3, 2015|3
March 28, 2015|5
March 24, 2015|4
March 21, 2015|5
March 17, 2015|5
February 21, 2015|5
February 19, 2015|5
February 18, 2015|5
February 15, 2015|5
January 27, 2015|5
January 25, 2015|5
January 23, 2015|5
December 21, 2014|5
December 14, 2014|5
December 14, 2014|4
December 11, 2014|5
November 28, 2014|3
November 17, 2014|5
October 25, 2014|4
October 20, 2014|3
October 19, 2014|4
October 11, 2014|5
October 5, 2014|4
September 30, 2014|4
September 29, 2014|5
September 29, 2014|4
September 19, 2014|5
September 17, 2014|3
August 31, 2014|5
August 12, 2014|5
July 29, 2014|4
July 19, 2014|5
July 14, 2014|4
July 14, 2014|5
July 12, 2014|5
June 24, 2014|4
June 21, 2014|5
June 19, 2014|5
June 17, 2014|3
May 26, 2014|5
May 15, 2014|3
April 28, 2014|3
April 25, 2014|5
April 23, 2014|5
April 10, 2014|2
March 25, 2014|4
March 24, 2014|5
March 19, 2014|4
March 2, 2014|5
March 1, 2014|5
February 27, 2014|5
January 18, 2014|3
January 15, 2014|5
November 5, 2013|4
October 28, 2013|4
October 14, 2013|4
October 13, 2013|5
September 22, 2013|5
September 15, 2013|4
September 15, 2013|4
September 10, 2013|4
September 8, 2013|4
September 3, 2013|4
August 19, 2013|4
August 12, 2013|4
August 12, 2013|5
August 1, 2013|1
June 26, 2013|2
June 19, 2013|3
June 4, 2013|3
May 26, 2013|3
April 8, 2013|4
March 24, 2013|4
March 20, 2013|5
March 18, 2013|5
March 11, 2013|4
February 20, 2013|5
February 15, 2013|5
January 31, 2013|5
January 30, 2013|2
January 23, 2013|5
January 6, 2013|3
December 26, 2012|4
December 9, 2012|4
November 21, 2012|5
October 19, 2012|5
September 24, 2012|5
August 14, 2012|5
July 21, 2012|5
July 9, 2012|5
June 25, 2012|5
June 25, 2012|4
June 15, 2012|5
June 12, 2012|4
June 11, 2012|4
May 31, 2012|3
May 29, 2012|5
May 20, 2012|4
May 12, 2012|5
April 29, 2012|5
April 23, 2012|4
April 22, 2012|4
April 11, 2012|5
April 9, 2012|5
April 3, 2012|5
March 30, 2012|5
March 22, 2012|5
March 16, 2012|4
January 10, 2012|3
January 1, 2012|5
November 18, 2011|4
September 12, 2011|4
July 13, 2011|3
May 28, 2011|4
January 9, 2011|5
January 8, 2011|4
June 11, 2010|5
July 28, 2009|5
March 2, 2009|5
February 19, 2009|5
February 1, 2009|5
August 22, 2008|5
August 14, 2008|3
January 29, 2008|4
January 25, 2008|5
December 27, 2007|4
December 14, 2007|5
August 28, 2007|5
