Review Date|Review Score
April 12, 2016|5
April 10, 2016|4
March 29, 2016|5
March 26, 2016|5
March 15, 2016|5
March 13, 2016|5
March 4, 2016|5
February 29, 2016|5
February 21, 2016|5
February 21, 2016|5
January 30, 2016|4
January 25, 2016|4
January 15, 2016|3
January 9, 2016|4
January 7, 2016|5
November 26, 2015|4
November 14, 2015|4
November 10, 2015|5
November 10, 2015|5
November 9, 2015|5
November 4, 2015|4
October 22, 2015|5
October 19, 2015|4
October 14, 2015|5
October 13, 2015|5
October 6, 2015|4
September 24, 2015|5
September 20, 2015|3
September 19, 2015|5
September 17, 2015|4
September 12, 2015|4
September 8, 2015|3
September 7, 2015|3
September 6, 2015|5
September 3, 2015|5
August 14, 2015|3
August 14, 2015|4
August 11, 2015|4
August 5, 2015|4
August 5, 2015|4
July 27, 2015|5
June 30, 2015|3
June 30, 2015|5
June 18, 2015|4
June 15, 2015|5
May 20, 2015|5
May 13, 2015|4
May 12, 2015|2
May 9, 2015|3
May 4, 2015|5
May 2, 2015|5
April 20, 2015|4
April 9, 2015|5
April 8, 2015|1
March 11, 2015|2
February 25, 2015|5
February 22, 2015|5
January 22, 2015|5
January 6, 2015|4
December 28, 2014|2
December 7, 2014|5
November 13, 2014|4
November 12, 2014|4
November 9, 2014|5
November 5, 2014|5
November 3, 2014|5
November 2, 2014|5
October 25, 2014|5
October 19, 2014|4
October 14, 2014|4
October 4, 2014|4
September 20, 2014|5
September 13, 2014|3
August 15, 2014|4
August 11, 2014|5
August 11, 2014|4
August 7, 2014|5
August 3, 2014|4
July 24, 2014|5
July 13, 2014|5
July 4, 2014|5
June 8, 2014|4
June 7, 2014|4
June 3, 2014|5
June 1, 2014|4
May 15, 2014|5
May 14, 2014|5
May 11, 2014|5
April 26, 2014|4
April 15, 2014|3
February 27, 2014|3
February 24, 2014|5
February 22, 2014|5
February 18, 2014|2
February 16, 2014|4
February 8, 2014|3
January 22, 2014|3
January 14, 2014|4
January 7, 2014|5
January 7, 2014|4
December 17, 2013|5
December 9, 2013|5
December 5, 2013|5
October 14, 2013|5
October 13, 2013|5
September 26, 2013|5
September 22, 2013|5
September 6, 2013|4
September 4, 2013|4
September 4, 2013|4
September 2, 2013|5
August 31, 2013|5
August 28, 2013|2
August 25, 2013|5
August 7, 2013|3
July 19, 2013|4
July 17, 2013|5
July 12, 2013|4
July 10, 2013|4
May 19, 2013|5
May 19, 2013|4
May 13, 2013|4
May 7, 2013|5
April 22, 2013|4
April 18, 2013|4
April 9, 2013|4
April 2, 2013|4
March 4, 2013|5
March 2, 2013|5
January 23, 2013|5
January 22, 2013|5
January 20, 2013|4
January 16, 2013|3
January 6, 2013|5
December 9, 2012|5
December 1, 2012|5
November 5, 2012|4
November 5, 2012|1
November 4, 2012|4
October 18, 2012|5
October 14, 2012|5
October 12, 2012|4
October 10, 2012|4
September 30, 2012|4
September 24, 2012|4
August 31, 2012|4
August 21, 2012|4
August 21, 2012|2
August 13, 2012|3
August 4, 2012|3
July 12, 2012|4
