Review Date|Review Score
April 14, 2016|4
April 1, 2016|5
March 26, 2016|5
March 26, 2016|5
March 16, 2016|4
4 weeks ago|3
March 14, 2016|3
March 13, 2016|1
March 7, 2016|4
March 6, 2016|5
February 23, 2016|5
February 16, 2016|5
February 13, 2016|4
February 13, 2016|5
February 11, 2016|4
February 11, 2016|3
February 10, 2016|5
January 26, 2016|4
January 20, 2016|3
January 19, 2016|5
January 16, 2016|4
January 16, 2016|3
January 8, 2016|5
January 4, 2016|5
January 1, 2016|5
December 27, 2015|2
December 23, 2015|4
December 15, 2015|5
November 29, 2015|5
November 28, 2015|5
November 28, 2015|4
November 20, 2015|5
November 17, 2015|4
November 8, 2015|4
November 7, 2015|4
November 4, 2015|4
November 2, 2015|4
October 26, 2015|4
October 25, 2015|5
October 21, 2015|5
October 17, 2015|4
October 14, 2015|5
October 14, 2015|4
October 13, 2015|4
October 13, 2015|4
October 11, 2015|3
October 3, 2015|5
October 1, 2015|4
September 21, 2015|4
September 20, 2015|5
September 18, 2015|3
September 14, 2015|5
September 11, 2015|5
September 1, 2015|4
August 30, 2015|4
August 26, 2015|5
August 23, 2015|5
August 17, 2015|5
August 17, 2015|4
August 14, 2015|5
August 14, 2015|5
August 12, 2015|5
July 22, 2015|5
July 13, 2015|5
July 12, 2015|5
July 7, 2015|5
July 3, 2015|4
June 30, 2015|4
June 29, 2015|5
June 17, 2015|3
June 15, 2015|5
May 31, 2015|4
May 26, 2015|4
May 13, 2015|5
March 29, 2015|5
March 20, 2015|4
March 13, 2015|5
March 12, 2015|4
February 21, 2015|3
February 17, 2015|3
January 26, 2015|5
January 25, 2015|5
January 20, 2015|5
January 4, 2015|4
January 2, 2015|3
December 31, 2014|4
December 31, 2014|4
December 28, 2014|5
December 24, 2014|5
December 20, 2014|5
December 4, 2014|5
December 3, 2014|4
December 3, 2014|4
November 26, 2014|3
November 18, 2014|4
October 13, 2014|5
October 1, 2014|5
September 29, 2014|4
September 25, 2014|4
September 3, 2014|5
August 30, 2014|5
July 31, 2014|5
July 22, 2014|4
July 16, 2014|2
June 29, 2014|4
June 17, 2014|5
May 28, 2014|2
May 26, 2014|5
May 18, 2014|2
May 13, 2014|3
May 9, 2014|5
May 8, 2014|4
April 28, 2014|3
April 24, 2014|3
April 20, 2014|5
March 30, 2014|4
March 27, 2014|4
March 21, 2014|5
March 6, 2014|5
March 4, 2014|5
March 4, 2014|4
February 2, 2014|5
January 6, 2014|5
November 29, 2013|5
November 25, 2013|4
November 13, 2013|3
October 27, 2013|5
October 26, 2013|4
October 23, 2013|5
October 22, 2013|5
October 22, 2013|4
October 21, 2013|4
October 20, 2013|4
October 19, 2013|2
October 13, 2013|4
October 4, 2013|4
September 30, 2013|4
September 30, 2013|5
September 30, 2013|5
September 29, 2013|5
September 20, 2013|5
September 20, 2013|5
September 19, 2013|4
September 19, 2013|4
September 18, 2013|5
September 11, 2013|4
September 11, 2013|5
September 4, 2013|3
September 4, 2013|4
September 2, 2013|5
August 6, 2013|5
August 3, 2013|5
July 30, 2013|4
July 29, 2013|4
June 22, 2013|3
June 18, 2013|3
June 17, 2013|4
June 12, 2013|4
June 7, 2013|4
May 30, 2013|5
May 23, 2013|5
May 22, 2013|2
May 14, 2013|4
May 6, 2013|5
April 19, 2013|4
April 8, 2013|5
April 6, 2013|3
April 4, 2013|3
March 14, 2013|4
March 11, 2013|4
February 27, 2013|5
February 12, 2013|5
January 26, 2013|5
December 26, 2012|5
December 25, 2012|3
December 16, 2012|5
November 28, 2012|5
November 25, 2012|5
November 19, 2012|3
November 8, 2012|3
November 4, 2012|5
November 2, 2012|5
October 14, 2012|4
September 24, 2012|5
September 22, 2012|5
September 10, 2012|4
September 5, 2012|4
September 4, 2012|4
August 5, 2012|4
August 3, 2012|4
July 16, 2012|5
July 12, 2012|2
July 11, 2012|5
July 6, 2012|4
July 1, 2012|1
June 22, 2012|5
June 11, 2012|4
June 3, 2012|4
June 2, 2012|5
May 19, 2012|4
May 14, 2012|3
May 9, 2012|3
May 2, 2012|5
April 30, 2012|4
April 28, 2012|5
April 15, 2012|4
April 6, 2012|3
April 5, 2012|4
April 1, 2012|5
April 1, 2012|4
March 24, 2012|4
February 22, 2012|3
February 20, 2012|4
February 5, 2012|5
January 25, 2012|5
January 14, 2012|4
December 11, 2011|5
November 28, 2011|4
November 8, 2011|4
November 3, 2011|5
October 26, 2011|4
October 17, 2011|5
October 10, 2011|4
October 9, 2011|4
August 6, 2011|4
July 21, 2011|4
June 27, 2011|5
June 13, 2011|5
January 1, 2011|3
October 17, 2010|4
August 16, 2010|4
July 18, 2010|3
June 17, 2010|4
June 16, 2010|2
June 12, 2010|5
June 6, 2010|2
January 8, 2009|4
August 22, 2008|3
July 21, 2008|3
June 23, 2008|4
June 20, 2008|4
May 14, 2008|1
May 11, 2008|4
May 3, 2008|5
May 3, 2008|4
April 10, 2008|5
April 2, 2008|5
March 17, 2008|2
February 19, 2008|4
February 14, 2008|3
February 1, 2008|4
January 18, 2008|3
December 27, 2007|4
December 20, 2007|4
