Review Date|Review Score
February 9, 2016|4
November 24, 2015|5
November 23, 2015|5
November 23, 2015|5
November 14, 2015|5
September 6, 2015|5
September 5, 2015|5
June 9, 2015|5
April 11, 2015|5
February 9, 2015|4
January 31, 2015|5
December 31, 2014|3
December 14, 2014|5
December 8, 2014|4
December 8, 2014|3
November 17, 2014|5
October 5, 2014|2
September 2, 2014|5
August 9, 2014|5
July 21, 2014|4
July 16, 2014|5
June 14, 2014|5
May 28, 2014|5
May 6, 2014|3
March 12, 2014|5
March 4, 2014|3
February 22, 2014|1
