Review Date|Review Score
April 10, 2016|4
March 24, 2016|4
March 20, 2016|4
March 5, 2016|2
February 28, 2016|5
February 12, 2016|2
January 30, 2016|1
January 3, 2016|3
December 30, 2015|5
December 25, 2015|5
December 23, 2015|5
December 21, 2015|4
December 18, 2015|5
December 15, 2015|1
November 28, 2015|5
November 21, 2015|5
November 19, 2015|3
November 18, 2015|5
November 11, 2015|3
November 9, 2015|5
October 30, 2015|4
October 14, 2015|5
October 7, 2015|5
September 28, 2015|5
September 18, 2015|4
August 8, 2015|4
August 8, 2015|3
July 27, 2015|4
July 11, 2015|5
July 9, 2015|5
June 30, 2015|5
June 8, 2015|5
June 8, 2015|4
May 4, 2015|4
May 2, 2015|4
April 27, 2015|4
April 9, 2015|5
March 29, 2015|4
February 23, 2015|5
February 2, 2015|5
January 10, 2015|4
January 10, 2015|2
January 6, 2015|5
December 31, 2014|5
December 23, 2014|4
December 14, 2014|3
December 3, 2014|4
December 2, 2014|4
November 30, 2014|4
November 13, 2014|3
November 12, 2014|4
October 16, 2014|1
September 24, 2014|4
September 19, 2014|5
September 13, 2014|5
