Review Date|Review Score
April 7, 2016|5
April 3, 2016|2
March 13, 2016|4
March 2, 2016|5
February 22, 2016|5
February 18, 2016|4
February 9, 2016|4
December 29, 2015|4
December 21, 2015|3
December 7, 2015|4
December 1, 2015|5
November 17, 2015|4
November 14, 2015|5
November 13, 2015|5
November 11, 2015|3
November 11, 2015|4
November 9, 2015|4
November 7, 2015|5
November 5, 2015|5
November 4, 2015|5
November 3, 2015|3
October 31, 2015|5
October 31, 2015|5
October 28, 2015|5
October 28, 2015|5
October 26, 2015|5
October 25, 2015|5
October 24, 2015|5
October 23, 2015|5
October 21, 2015|5
October 9, 2015|4
October 9, 2015|5
October 3, 2015|5
September 28, 2015|5
September 28, 2015|5
September 28, 2015|5
September 25, 2015|5
September 24, 2015|5
September 22, 2015|4
September 22, 2015|5
September 20, 2015|3
September 20, 2015|5
September 20, 2015|5
September 20, 2015|5
September 19, 2015|5
September 19, 2015|5
September 13, 2015|5
September 12, 2015|5
September 11, 2015|5
September 5, 2015|5
September 4, 2015|5
August 26, 2015|5
August 25, 2015|5
August 25, 2015|5
August 21, 2015|5
August 20, 2015|3
August 16, 2015|4
August 16, 2015|5
August 12, 2015|5
August 10, 2015|5
August 9, 2015|5
August 7, 2015|5
August 5, 2015|5
August 5, 2015|5
August 5, 2015|5
August 2, 2015|5
August 1, 2015|5
July 31, 2015|5
July 31, 2015|5
July 31, 2015|5
July 26, 2015|5
July 23, 2015|5
July 16, 2015|5
July 15, 2015|5
July 13, 2015|3
July 11, 2015|4
July 10, 2015|3
July 9, 2015|5
July 7, 2015|5
July 3, 2015|5
July 3, 2015|5
June 30, 2015|4
June 2, 2015|5
June 1, 2015|5
May 26, 2015|4
May 18, 2015|5
May 6, 2015|5
April 29, 2015|4
April 27, 2015|4
April 25, 2015|5
April 8, 2015|2
April 5, 2015|5
April 5, 2015|5
April 3, 2015|4
March 19, 2015|3
March 16, 2015|3
March 15, 2015|5
February 28, 2015|5
February 27, 2015|5
February 24, 2015|5
February 23, 2015|5
January 31, 2015|5
January 17, 2015|3
January 4, 2015|5
January 1, 2015|5
December 10, 2014|5
December 7, 2014|4
December 2, 2014|5
November 11, 2014|4
November 4, 2014|4
November 4, 2014|5
November 3, 2014|4
October 10, 2014|5
September 30, 2014|2
August 24, 2014|5
August 2, 2014|3
July 31, 2014|5
June 13, 2014|3
April 14, 2014|4
February 13, 2014|5
February 12, 2014|5
December 14, 2013|2
November 10, 2013|5
September 30, 2013|3
September 30, 2013|5
August 10, 2013|4
August 6, 2013|5
July 22, 2013|4
July 18, 2013|5
July 13, 2013|5
July 5, 2013|5
July 5, 2013|5
May 26, 2013|5
May 13, 2013|4
May 6, 2013|1
April 8, 2013|3
April 8, 2013|4
March 22, 2013|4
March 20, 2013|4
March 17, 2013|5
March 4, 2013|5
February 22, 2013|1
February 21, 2013|1
February 21, 2013|5
February 16, 2013|5
February 9, 2013|4
January 31, 2013|4
January 30, 2013|5
January 28, 2013|4
January 27, 2013|2
January 23, 2013|4
January 23, 2013|2
December 15, 2012|4
November 22, 2012|2
September 23, 2012|5
September 19, 2012|5
September 16, 2012|5
September 10, 2012|5
August 25, 2012|5
August 24, 2012|5
August 21, 2012|4
August 16, 2012|4
August 5, 2012|4
July 25, 2012|2
July 11, 2012|3
May 12, 2012|4
April 23, 2012|4
March 24, 2012|5
February 18, 2012|5
February 9, 2012|5
January 27, 2012|4
January 18, 2012|2
December 30, 2011|4
December 26, 2011|4
December 13, 2011|4
November 27, 2011|2
November 20, 2011|2
October 24, 2011|3
October 17, 2011|5
September 12, 2011|5
July 30, 2011|4
May 1, 2010|4
