Review Date|Review Score
March 27, 2016|1
March 25, 2016|5
February 20, 2016|5
January 18, 2016|4
January 9, 2016|3
January 6, 2016|5
October 14, 2015|5
August 20, 2015|4
August 1, 2015|4
July 24, 2015|5
June 22, 2015|5
June 4, 2015|4
June 2, 2015|5
May 25, 2015|5
April 23, 2015|5
April 21, 2015|4
March 11, 2015|4
March 3, 2015|3
March 1, 2015|5
February 7, 2015|5
January 20, 2015|2
January 10, 2015|5
November 23, 2014|4
November 2, 2014|4
October 25, 2014|4
October 4, 2014|5
September 29, 2014|5
September 16, 2014|5
September 8, 2014|5
September 7, 2014|4
September 5, 2014|3
September 1, 2014|4
August 16, 2014|4
August 9, 2014|3
June 1, 2014|5
March 7, 2014|5
February 15, 2014|5
January 11, 2014|4
January 6, 2014|4
December 14, 2013|3
August 16, 2013|5
July 15, 2013|3
June 8, 2013|4
March 28, 2013|4
February 17, 2013|4
January 24, 2013|4
December 13, 2012|5
December 2, 2012|4
November 24, 2012|4
November 19, 2012|2
September 19, 2012|4
May 28, 2012|5
May 9, 2012|5
April 21, 2012|5
November 5, 2011|3
October 31, 2011|5
October 9, 2011|3
