Review Date|Review Score
March 11, 2016|4
January 5, 2016|3
December 16, 2015|5
November 4, 2015|4
October 12, 2015|5
August 29, 2015|2
August 10, 2015|4
July 16, 2015|5
July 3, 2015|4
June 30, 2015|5
June 27, 2015|5
June 1, 2015|4
May 9, 2015|2
May 3, 2015|5
April 28, 2015|4
April 21, 2015|5
April 13, 2015|5
March 29, 2015|5
March 9, 2015|5
February 27, 2015|2
January 14, 2015|4
January 7, 2015|4
December 3, 2014|4
November 14, 2014|2
November 12, 2014|3
November 4, 2014|5
October 15, 2014|4
September 28, 2014|5
September 4, 2014|4
September 2, 2014|5
August 18, 2014|5
June 16, 2014|5
May 24, 2014|4
May 15, 2014|3
May 6, 2014|5
May 2, 2014|4
April 22, 2014|3
April 9, 2014|4
April 5, 2014|5
February 3, 2014|1
January 15, 2014|3
December 7, 2013|5
November 3, 2013|5
October 31, 2013|5
October 22, 2013|5
October 21, 2013|3
October 14, 2013|5
August 21, 2013|4
July 22, 2013|5
July 4, 2013|3
June 12, 2013|3
June 11, 2013|4
May 28, 2013|5
March 18, 2013|5
February 26, 2013|5
January 23, 2013|5
January 19, 2013|3
December 21, 2012|4
November 25, 2012|4
November 19, 2012|2
November 1, 2012|4
July 17, 2012|3
July 5, 2012|4
June 11, 2012|4
June 6, 2012|3
May 30, 2012|4
March 19, 2012|5
February 18, 2012|3
January 7, 2012|4
January 4, 2012|5
October 31, 2011|4
October 25, 2011|5
September 28, 2011|5
August 2, 2011|5
June 11, 2011|5
February 23, 2010|5
June 28, 2009|2
May 19, 2009|4
May 17, 2009|3
May 6, 2009|1
February 22, 2009|4
January 25, 2009|4
January 6, 2009|1
October 1, 2008|1
August 24, 2008|2
August 13, 2008|4
August 2, 2008|4
May 11, 2008|5
January 19, 2008|4
April 25, 2007|5
