Review Date|Review Score
April 18, 2016|1
April 17, 2016|4
April 2, 2016|5
March 28, 2016|4
2 weeks ago|4
3 weeks ago|1
January 21, 2016|5
January 18, 2016|5
January 16, 2016|5
January 9, 2016|4
December 21, 2015|3
December 10, 2015|4
November 28, 2015|5
November 19, 2015|3
November 15, 2015|5
September 28, 2015|3
July 24, 2015|5
July 21, 2015|5
June 27, 2015|5
November 18, 2014|4
November 5, 2014|5
October 28, 2014|4
October 24, 2014|4
July 17, 2014|4
February 16, 2014|5
October 4, 2013|4
August 23, 2013|4
July 24, 2013|4
February 26, 2013|4
January 22, 2013|4
November 26, 2012|3
