Review Date|Review Score
April 9, 2016|4
March 24, 2016|5
March 24, 2016|3
March 6, 2016|2
February 28, 2016|5
January 14, 2016|2
December 27, 2015|4
December 16, 2015|3
December 15, 2015|5
December 14, 2015|5
December 13, 2015|5
December 10, 2015|4
December 3, 2015|3
November 20, 2015|5
November 12, 2015|5
November 1, 2015|1
October 31, 2015|5
October 31, 2015|4
October 30, 2015|5
October 21, 2015|5
October 5, 2015|5
October 3, 2015|5
August 30, 2015|5
August 13, 2015|5
June 27, 2015|4
June 15, 2015|4
June 11, 2015|4
April 28, 2015|5
March 25, 2015|5
February 16, 2015|5
December 14, 2014|4
December 6, 2014|5
November 8, 2014|3
September 25, 2014|3
September 23, 2014|4
September 21, 2014|5
September 7, 2014|5
August 27, 2014|4
August 11, 2014|5
August 7, 2014|4
July 19, 2014|5
June 17, 2014|5
May 27, 2014|2
April 28, 2014|5
April 27, 2014|4
April 22, 2014|4
January 9, 2014|5
January 1, 2014|3
December 22, 2013|5
December 19, 2013|5
October 18, 2013|4
September 1, 2013|5
August 2, 2013|5
July 18, 2013|5
May 31, 2013|5
May 15, 2013|4
April 8, 2013|5
April 1, 2013|5
March 18, 2013|2
March 17, 2013|5
March 15, 2013|5
February 6, 2013|5
December 26, 2012|5
November 25, 2012|1
November 18, 2012|5
November 18, 2012|3
November 12, 2012|5
November 11, 2012|3
September 7, 2012|3
August 30, 2012|3
August 20, 2012|4
August 12, 2012|5
April 8, 2012|5
March 8, 2012|4
March 5, 2012|5
March 2, 2012|2
February 20, 2012|4
February 5, 2012|5
