Review Date|Review Score
March 5, 2016|3
December 2, 2015|4
November 21, 2015|5
November 1, 2015|4
September 12, 2015|4
September 10, 2015|5
September 9, 2015|4
September 3, 2015|3
August 22, 2015|4
August 12, 2015|5
July 18, 2015|5
June 19, 2015|5
June 13, 2015|5
November 9, 2014|5
November 6, 2014|3
October 18, 2014|5
August 20, 2014|4
July 28, 2014|5
July 4, 2014|5
February 14, 2014|4
November 27, 2013|5
November 1, 2013|4
October 11, 2013|5
September 24, 2013|4
September 11, 2013|5
September 4, 2013|4
August 23, 2013|5
July 12, 2013|5
January 27, 2013|4
January 25, 2013|2
