Review Date|Review Score
April 13, 2016|4
|5
February 20, 2016|5
December 22, 2015|5
December 10, 2015|4
November 3, 2015|3
October 26, 2015|1
September 11, 2015|4
August 17, 2015|4
July 30, 2015|4
March 10, 2015|4
January 23, 2015|4
November 24, 2014|1
August 3, 2014|4
August 3, 2014|3
June 18, 2014|5
June 15, 2014|4
May 11, 2014|4
April 4, 2014|5
February 17, 2014|5
February 9, 2014|5
December 4, 2013|4
November 29, 2013|5
September 4, 2013|2
April 7, 2013|4
February 26, 2013|4
February 14, 2013|4
December 18, 2012|4
October 23, 2012|4
October 12, 2012|5
October 5, 2012|5
September 20, 2012|3
August 19, 2012|5
July 11, 2012|2
July 6, 2012|4
May 28, 2012|5
February 8, 2012|3
January 14, 2012|5
January 8, 2012|3
October 31, 2011|5
June 16, 2009|4
August 26, 2008|3
August 19, 2008|4
August 19, 2008|1
May 22, 2008|4
February 6, 2008|4
February 2, 2008|1
January 25, 2008|1
December 27, 2007|3
December 20, 2007|4
December 18, 2007|3
December 18, 2007|1
November 22, 2005|1
