Review Date|Review Score
April 14, 2016|4
March 30, 2016|4
March 30, 2016|5
2 weeks ago|5
March 9, 2016|5
March 6, 2016|5
February 28, 2016|3
February 17, 2016|5
February 4, 2016|5
January 23, 2016|5
December 30, 2015|4
December 17, 2015|4
December 15, 2015|2
December 10, 2015|5
November 23, 2015|5
November 14, 2015|4
November 7, 2015|1
November 7, 2015|5
October 19, 2015|3
October 18, 2015|4
October 14, 2015|4
September 27, 2015|5
September 25, 2015|2
September 23, 2015|5
September 21, 2015|3
September 16, 2015|5
September 16, 2015|4
August 22, 2015|5
August 16, 2015|5
August 11, 2015|4
August 6, 2015|1
July 27, 2015|4
July 22, 2015|5
July 18, 2015|5
July 18, 2015|5
July 11, 2015|5
July 7, 2015|5
July 6, 2015|5
July 4, 2015|4
June 29, 2015|4
June 8, 2015|5
June 4, 2015|2
June 2, 2015|5
May 31, 2015|4
May 19, 2015|5
May 19, 2015|5
May 8, 2015|2
May 2, 2015|4
April 28, 2015|1
April 27, 2015|5
April 16, 2015|4
March 28, 2015|3
March 3, 2015|5
March 1, 2015|3
February 19, 2015|2
December 22, 2014|4
December 15, 2014|4
December 10, 2014|5
December 10, 2014|4
December 5, 2014|4
November 16, 2014|5
November 4, 2014|5
November 1, 2014|4
October 12, 2014|3
October 10, 2014|4
September 30, 2014|4
September 22, 2014|5
August 24, 2014|4
August 19, 2014|4
August 18, 2014|5
August 10, 2014|5
August 4, 2014|4
July 18, 2014|2
July 11, 2014|5
July 11, 2014|4
July 5, 2014|2
June 10, 2014|4
May 27, 2014|3
May 22, 2014|5
April 21, 2014|3
March 28, 2014|5
March 9, 2014|2
March 4, 2014|5
February 15, 2014|5
January 22, 2014|4
January 7, 2014|5
December 29, 2013|4
December 12, 2013|5
November 9, 2013|3
November 8, 2013|4
November 5, 2013|1
October 21, 2013|5
October 20, 2013|3
October 15, 2013|5
October 14, 2013|5
October 14, 2013|3
October 6, 2013|5
September 29, 2013|4
September 27, 2013|4
September 17, 2013|1
August 30, 2013|4
August 26, 2013|5
August 17, 2013|4
August 13, 2013|4
August 12, 2013|1
August 10, 2013|2
July 29, 2013|5
July 25, 2013|5
July 21, 2013|5
July 15, 2013|3
July 7, 2013|4
June 29, 2013|5
June 9, 2013|4
June 6, 2013|5
June 1, 2013|4
June 1, 2013|1
May 20, 2013|2
May 20, 2013|4
May 10, 2013|5
May 8, 2013|4
May 7, 2013|3
April 30, 2013|1
March 23, 2013|5
March 18, 2013|5
March 15, 2013|4
March 3, 2013|3
March 2, 2013|4
February 27, 2013|4
February 26, 2013|5
February 25, 2013|5
February 24, 2013|5
February 18, 2013|4
February 2, 2013|4
January 31, 2013|5
January 24, 2013|5
January 20, 2013|5
January 16, 2013|4
December 4, 2012|5
November 19, 2012|3
November 6, 2012|5
October 25, 2012|4
October 23, 2012|5
October 10, 2012|5
October 7, 2012|5
October 3, 2012|5
September 17, 2012|5
September 14, 2012|2
September 11, 2012|5
September 5, 2012|3
September 5, 2012|1
August 28, 2012|5
August 27, 2012|5
August 23, 2012|1
August 22, 2012|5
August 21, 2012|4
August 20, 2012|5
August 12, 2012|5
August 11, 2012|5
August 5, 2012|4
July 26, 2012|5
July 11, 2012|5
July 9, 2012|5
July 9, 2012|5
July 9, 2012|5
June 27, 2012|4
June 25, 2012|5
June 12, 2012|5
May 5, 2012|5
April 18, 2012|5
March 16, 2012|5
March 15, 2012|5
March 5, 2012|5
February 21, 2012|4
February 19, 2012|3
February 14, 2012|3
February 3, 2012|5
February 1, 2012|4
January 30, 2012|5
January 30, 2012|5
January 17, 2012|3
December 30, 2011|5
December 30, 2011|4
December 9, 2011|4
December 8, 2011|5
November 27, 2011|4
October 31, 2011|5
October 31, 2011|5
October 14, 2011|4
October 8, 2011|1
September 20, 2011|4
September 12, 2011|5
September 6, 2011|5
September 5, 2011|5
September 5, 2011|5
August 28, 2011|5
August 23, 2011|4
August 22, 2011|4
August 21, 2011|3
August 12, 2011|5
August 4, 2011|4
August 3, 2011|5
July 30, 2011|5
July 21, 2011|5
July 17, 2011|5
July 9, 2011|5
June 27, 2011|5
March 18, 2011|5
March 16, 2011|5
February 1, 2011|5
January 12, 2011|5
November 28, 2010|2
October 15, 2010|5
September 10, 2010|5
September 5, 2010|5
April 7, 2010|4
January 21, 2010|5
July 19, 2009|5
October 25, 2008|1
April 25, 2008|4
February 8, 2008|3
January 31, 2008|4
December 29, 2007|4
November 18, 2007|4
August 19, 2007|4
February 28, 2007|5
