Review Date|Review Score
February 26, 2016|5
February 18, 2016|5
December 18, 2015|4
November 11, 2015|4
November 10, 2015|5
October 7, 2015|4
September 2, 2015|3
August 25, 2015|2
August 21, 2015|2
August 11, 2015|5
August 2, 2015|2
August 1, 2015|3
July 29, 2015|2
July 21, 2015|4
May 19, 2015|4
April 28, 2015|5
April 10, 2015|4
April 6, 2015|4
March 30, 2015|4
February 19, 2015|5
February 7, 2015|2
December 9, 2014|5
December 9, 2014|3
November 25, 2014|4
November 17, 2014|5
November 4, 2014|5
October 28, 2014|4
September 14, 2014|5
August 30, 2014|2
July 31, 2014|3
July 27, 2014|5
July 21, 2014|4
July 14, 2014|5
July 13, 2014|3
July 9, 2014|1
July 9, 2014|4
June 27, 2014|4
April 13, 2014|4
December 18, 2013|3
October 29, 2013|4
October 21, 2013|4
October 14, 2013|3
September 30, 2013|4
August 13, 2013|5
July 3, 2013|5
June 24, 2013|5
March 30, 2013|5
February 17, 2013|2
October 6, 2012|4
October 3, 2012|3
September 18, 2012|4
August 6, 2012|5
June 18, 2012|3
June 17, 2012|3
June 4, 2012|1
May 28, 2012|1
April 22, 2012|4
April 14, 2012|2
March 22, 2012|5
February 21, 2012|3
August 13, 2008|1
November 29, 2007|1
