Review Date|Review Score
March 15, 2016|5
February 22, 2016|5
February 8, 2016|4
February 7, 2016|1
January 24, 2016|5
January 16, 2016|4
January 11, 2016|4
January 8, 2016|4
November 14, 2015|5
November 8, 2015|4
November 4, 2015|5
September 13, 2015|5
September 5, 2015|4
July 14, 2015|5
June 30, 2015|5
June 17, 2015|5
May 28, 2015|5
May 1, 2015|3
April 28, 2015|5
March 28, 2015|4
March 26, 2015|4
December 11, 2014|5
October 20, 2014|5
September 19, 2014|5
August 28, 2014|5
July 4, 2014|5
June 10, 2014|5
May 28, 2014|5
February 24, 2014|4
November 4, 2013|2
October 8, 2013|5
September 8, 2013|5
August 1, 2013|2
July 31, 2013|5
July 28, 2013|5
July 13, 2013|5
July 6, 2013|4
June 27, 2013|4
June 25, 2013|5
June 6, 2013|5
May 25, 2013|5
May 19, 2013|4
May 11, 2013|4
April 29, 2013|5
March 30, 2013|4
March 7, 2013|4
March 5, 2013|4
February 15, 2013|5
January 23, 2013|4
January 18, 2013|5
December 25, 2012|4
December 19, 2012|4
November 12, 2012|5
October 31, 2012|4
