Review Date|Review Score
April 18, 2016|5
April 16, 2016|4
April 16, 2016|5
April 15, 2016|5
April 14, 2016|5
April 14, 2016|5
April 7, 2016|5
April 3, 2016|3
April 3, 2016|5
April 2, 2016|2
March 28, 2016|5
March 27, 2016|2
March 26, 2016|5
March 20, 2016|5
March 19, 2016|5
March 17, 2016|5
March 15, 2016|5
March 8, 2016|5
March 7, 2016|5
March 7, 2016|5
March 6, 2016|5
March 4, 2016|5
February 21, 2016|5
February 19, 2016|5
February 18, 2016|5
February 17, 2016|5
February 12, 2016|5
February 10, 2016|5
February 8, 2016|5
February 8, 2016|4
February 7, 2016|5
February 7, 2016|5
January 31, 2016|5
January 30, 2016|5
January 18, 2016|5
January 14, 2016|5
January 12, 2016|5
January 11, 2016|5
January 9, 2016|5
January 5, 2016|5
December 22, 2015|5
December 12, 2015|5
November 16, 2015|5
November 9, 2015|3
November 2, 2015|5
October 26, 2015|4
October 26, 2015|1
October 18, 2015|3
October 13, 2015|5
October 5, 2015|5
September 22, 2015|4
September 21, 2015|5
September 1, 2015|5
September 1, 2015|5
August 29, 2015|4
August 28, 2015|5
August 23, 2015|4
August 16, 2015|4
August 14, 2015|5
August 13, 2015|4
August 11, 2015|4
August 10, 2015|2
August 7, 2015|4
August 4, 2015|5
August 3, 2015|5
August 2, 2015|3
July 29, 2015|2
July 29, 2015|5
July 26, 2015|3
July 25, 2015|5
July 23, 2015|3
July 20, 2015|4
July 20, 2015|5
July 7, 2015|5
July 2, 2015|5
June 29, 2015|4
June 25, 2015|5
June 19, 2015|5
June 15, 2015|5
June 14, 2015|5
June 3, 2015|5
June 2, 2015|5
May 20, 2015|5
May 13, 2015|4
May 10, 2015|5
April 29, 2015|3
April 28, 2015|5
April 24, 2015|5
April 21, 2015|4
April 17, 2015|5
April 15, 2015|5
April 14, 2015|5
March 29, 2015|4
March 25, 2015|4
March 19, 2015|5
March 11, 2015|5
March 7, 2015|5
February 25, 2015|5
February 18, 2015|5
February 15, 2015|5
February 14, 2015|5
February 7, 2015|3
February 6, 2015|5
February 2, 2015|4
January 28, 2015|5
January 17, 2015|5
December 29, 2014|5
December 26, 2014|5
November 17, 2014|4
November 15, 2014|5
November 8, 2014|3
October 30, 2014|3
October 13, 2014|4
September 27, 2014|5
September 15, 2014|2
September 13, 2014|5
September 8, 2014|3
August 25, 2014|4
August 25, 2014|4
August 16, 2014|3
July 27, 2014|5
July 24, 2014|3
July 20, 2014|5
July 20, 2014|5
July 13, 2014|5
July 8, 2014|5
July 3, 2014|4
July 1, 2014|5
June 15, 2014|3
May 30, 2014|5
May 28, 2014|5
May 13, 2014|5
May 8, 2014|5
May 6, 2014|5
May 1, 2014|5
April 6, 2014|5
March 27, 2014|4
March 19, 2014|5
March 17, 2014|5
March 14, 2014|4
March 2, 2014|3
January 11, 2014|3
December 30, 2013|5
December 23, 2013|4
December 9, 2013|5
December 6, 2013|5
November 22, 2013|4
November 13, 2013|4
November 10, 2013|4
October 29, 2013|4
October 26, 2013|5
October 21, 2013|4
October 7, 2013|4
September 30, 2013|5
September 20, 2013|3
September 15, 2013|5
September 14, 2013|5
August 29, 2013|5
August 29, 2013|5
August 24, 2013|4
August 17, 2013|4
August 8, 2013|4
August 5, 2013|5
August 2, 2013|4
July 23, 2013|5
July 8, 2013|5
July 8, 2013|5
June 29, 2013|5
June 7, 2013|4
June 3, 2013|4
May 25, 2013|4
May 23, 2013|4
May 18, 2013|3
May 10, 2013|3
May 4, 2013|4
April 19, 2013|5
April 9, 2013|4
April 9, 2013|5
March 21, 2013|5
March 17, 2013|5
March 16, 2013|4
March 12, 2013|4
March 9, 2013|5
February 26, 2013|4
February 22, 2013|3
February 17, 2013|5
February 1, 2013|5
January 19, 2013|5
December 28, 2012|5
December 9, 2012|5
November 20, 2012|5
November 20, 2012|5
November 6, 2012|4
October 20, 2012|5
October 8, 2012|5
October 5, 2012|5
September 25, 2012|5
September 17, 2012|3
September 4, 2012|5
August 30, 2012|5
August 27, 2012|5
August 4, 2012|4
August 3, 2012|4
July 19, 2012|5
July 18, 2012|4
July 13, 2012|3
July 9, 2012|5
July 9, 2012|5
July 4, 2012|5
June 18, 2012|4
June 16, 2012|3
June 11, 2012|4
April 25, 2012|5
April 7, 2012|5
April 4, 2012|3
March 22, 2012|4
March 1, 2012|4
February 28, 2012|5
January 19, 2012|5
January 18, 2012|3
December 29, 2011|4
November 28, 2011|5
November 5, 2011|5
November 1, 2011|5
October 31, 2011|5
October 23, 2011|5
July 31, 2011|5
July 30, 2011|4
July 16, 2011|3
June 21, 2011|4
May 29, 2011|5
February 8, 2011|4
August 17, 2010|5
June 5, 2010|1
November 14, 2009|3
June 9, 2009|4
May 11, 2008|4
April 10, 2008|5
February 14, 2008|3
January 28, 2008|5
January 18, 2008|2
October 22, 2004|4
