Review Date|Review Score
April 3, 2016|5
March 20, 2016|2
March 13, 2016|5
February 12, 2016|5
January 31, 2016|3
December 29, 2015|5
December 19, 2015|1
December 2, 2015|2
November 15, 2015|4
November 1, 2015|4
October 28, 2015|5
October 25, 2015|3
October 18, 2015|2
October 4, 2015|2
September 23, 2015|4
September 15, 2015|5
September 13, 2015|3
September 10, 2015|4
August 16, 2015|5
August 12, 2015|2
July 28, 2015|5
July 3, 2015|2
July 2, 2015|3
June 21, 2015|5
May 9, 2015|5
April 8, 2015|3
April 5, 2015|4
March 24, 2015|5
February 23, 2015|5
February 13, 2015|4
January 9, 2015|5
January 7, 2015|4
November 26, 2014|4
October 26, 2014|5
October 5, 2014|4
September 22, 2014|5
September 12, 2014|5
August 18, 2014|4
July 29, 2014|2
July 1, 2014|4
June 16, 2014|4
May 29, 2014|3
March 23, 2014|4
March 12, 2014|3
March 1, 2014|4
February 18, 2014|4
November 25, 2013|5
October 23, 2013|5
October 16, 2013|5
September 17, 2013|4
August 28, 2013|5
August 26, 2013|5
August 17, 2013|5
March 26, 2013|1
March 22, 2013|3
March 20, 2013|5
January 26, 2013|4
January 26, 2013|3
December 5, 2012|5
October 22, 2012|4
September 24, 2012|5
September 4, 2012|5
September 4, 2012|4
August 19, 2012|5
July 15, 2012|5
July 2, 2012|2
May 26, 2012|5
May 23, 2012|2
April 18, 2012|3
April 1, 2012|4
April 1, 2012|4
March 12, 2012|5
March 3, 2012|5
February 28, 2012|4
December 15, 2011|4
December 13, 2011|4
December 11, 2011|5
November 12, 2011|2
October 19, 2011|2
September 29, 2011|3
August 20, 2011|4
July 19, 2011|5
July 4, 2011|2
May 6, 2011|2
September 3, 2010|2
August 15, 2010|1
August 4, 2010|4
July 16, 2010|5
June 14, 2010|5
March 4, 2010|4
February 1, 2010|5
January 9, 2010|4
November 7, 2009|4
October 24, 2009|5
June 29, 2009|5
